cth,title,fetch_date,source
1,Der Anitta-Text,2026-07-20,http://web.archive.org/web/20250514171511/https://www.hethport.uni-wuerzburg.de/CTH/index.php
2,Fragmente mit Erwähnung Anum-Ḫirbis und der Stadt Zalpa,2026-07-20,http://web.archive.org/web/20250514171511/https://www.hethport.uni-wuerzburg.de/CTH/index.php
3,Erzählung um die Stadt Zalpa und Fragmente mit Erwähnung der Stadt Zalpa,2026-07-20,http://web.archive.org/web/20250514171511/https://www.hethport.uni-wuerzburg.de/CTH/index.php
4,Annalen Hattušilis I.,2026-07-20,http://web.archive.org/web/20250514171511/https://www.hethport.uni-wuerzburg.de/CTH/index.php
5,Erlass Hattušilis I.,2026-07-20,http://web.archive.org/web/20250514171511/https://www.hethport.uni-wuerzburg.de/CTH/index.php
7,Belagerung von Uršu,2026-07-20,http://web.archive.org/web/20250514171511/https://www.hethport.uni-wuerzburg.de/CTH/index.php
8,Palastchronik,2026-07-20,http://web.archive.org/web/20250514171511/https://www.hethport.uni-wuerzburg.de/CTH/index.php
9,Palastchronikfragmente,2026-07-20,http://web.archive.org/web/20250514171511/https://www.hethport.uni-wuerzburg.de/CTH/index.php
10,Fragmente mit Erwähnung des Feldzugs Muršilis I. gegen Babylon,2026-07-20,http://web.archive.org/web/20250514171511/https://www.hethport.uni-wuerzburg.de/CTH/index.php
11,Feldzug Muršilis I. gegen Aleppo,2026-07-20,http://web.archive.org/web/20250514171511/https://www.hethport.uni-wuerzburg.de/CTH/index.php
12,Anatolische Feldzüge Muršilis I.,2026-07-20,http://web.archive.org/web/20250514171511/https://www.hethport.uni-wuerzburg.de/CTH/index.php
13,Kämpfe Muršilis I.? gegen die Hurriter,2026-07-20,http://web.archive.org/web/20250514171511/https://www.hethport.uni-wuerzburg.de/CTH/index.php
14,Res gestae Ḫattušilis I.,2026-07-20,http://web.archive.org/web/20250514171511/https://www.hethport.uni-wuerzburg.de/CTH/index.php
16,Legendäre Erzählungen über Kämpfe mit den Hurritern,2026-07-20,http://web.archive.org/web/20250514171511/https://www.hethport.uni-wuerzburg.de/CTH/index.php
17,Fragmente mit Bezug auf Kämpfe mit Hurritern,2026-07-20,http://web.archive.org/web/20250514171511/https://www.hethport.uni-wuerzburg.de/CTH/index.php
18,Chronik des Ammuna,2026-07-20,http://web.archive.org/web/20250514171511/https://www.hethport.uni-wuerzburg.de/CTH/index.php
19,"Telipinu-Erlass (.I Akkadisch, .II Hethitisch)",2026-07-20,http://web.archive.org/web/20250514171511/https://www.hethport.uni-wuerzburg.de/CTH/index.php
20,Telipinus Feldzug gegen Laḫḫa,2026-07-20,http://web.archive.org/web/20250514171511/https://www.hethport.uni-wuerzburg.de/CTH/index.php
21,"Vertrag Telipinus mit Išputaḫšu von Kizzuwatna (.I Akkadisch, .II Hethitisch)",2026-07-20,http://web.archive.org/web/20250514171511/https://www.hethport.uni-wuerzburg.de/CTH/index.php
22,Fragment mit Erwähnung Telipinus,2026-07-20,http://web.archive.org/web/20250514171511/https://www.hethport.uni-wuerzburg.de/CTH/index.php
23,Fragmente mit Erwähnung Alluwamnas,2026-07-20,http://web.archive.org/web/20250514171511/https://www.hethport.uni-wuerzburg.de/CTH/index.php
24,Fragmente mit Erwähnung Pimpiras,2026-07-20,http://web.archive.org/web/20250514171511/https://www.hethport.uni-wuerzburg.de/CTH/index.php
25,Vertrag Zidanzas II. mit Pillija von Kizzuwatna,2026-07-20,http://web.archive.org/web/20250514171511/https://www.hethport.uni-wuerzburg.de/CTH/index.php
26,Vertrag eines hethitischen Königs mit Paddatiššu von Kizzuwatna,2026-07-20,http://web.archive.org/web/20250514171511/https://www.hethport.uni-wuerzburg.de/CTH/index.php
27,Vertrag mit den Ḫabiru,2026-07-20,http://web.archive.org/web/20250514171511/https://www.hethport.uni-wuerzburg.de/CTH/index.php
28,Mittelhethitischer Vertrag,2026-07-20,http://web.archive.org/web/20250514171511/https://www.hethport.uni-wuerzburg.de/CTH/index.php
29,Vertrag Taḫurwailis mit Eḫeja von Kizzuwatna,2026-07-20,http://web.archive.org/web/20250514171511/https://www.hethport.uni-wuerzburg.de/CTH/index.php
39,Althethitische historische Fragmente,2026-07-20,http://web.archive.org/web/20250514171511/https://www.hethport.uni-wuerzburg.de/CTH/index.php
40,Šuppiluliumas Mannestaten,2026-07-20,http://web.archive.org/web/20250514171511/https://www.hethport.uni-wuerzburg.de/CTH/index.php
41,"Vertrag Tutḫalijas I. mit Šunaššura von Kizzuwatna (.I Akkadisch, .II Hethitisch)",2026-07-20,http://web.archive.org/web/20250514171511/https://www.hethport.uni-wuerzburg.de/CTH/index.php
42,Vertrag Šuppiluliumas I. mit Ḫukkana von Ḫayaša,2026-07-20,http://web.archive.org/web/20250514171511/https://www.hethport.uni-wuerzburg.de/CTH/index.php
44,Erlass Šuppiluliumas über das Priestertum des Telipinu im Lande Kizzuwatna,2026-07-20,http://web.archive.org/web/20250514171511/https://www.hethport.uni-wuerzburg.de/CTH/index.php
49,"Vertrag Šuppiluliumas I. mit Aziru von Amurru (.I Akkadisch, .II Hethitisch)",2026-07-20,http://web.archive.org/web/20250514171511/https://www.hethport.uni-wuerzburg.de/CTH/index.php
50,Vertrag Šuppiluliumas I. mit Šarri-Kušuḫ von Karkamiš,2026-07-20,http://web.archive.org/web/20250514171511/https://www.hethport.uni-wuerzburg.de/CTH/index.php
51,"Vertrag Šuppiluliumas I. mit Šattiwaza von Mitanni (.I Akkadisch, .II Hethitisch)",2026-07-20,http://web.archive.org/web/20250514171511/https://www.hethport.uni-wuerzburg.de/CTH/index.php
52,"Vertrag Šattiwazas von Mitanni mit Šuppiluliuma I. (.I Akkadisch, .II Hethitisch)",2026-07-20,http://web.archive.org/web/20250514171511/https://www.hethport.uni-wuerzburg.de/CTH/index.php
53,Vertrag Šuppiluliumas I. mit Tette von Nuḫašše,2026-07-20,http://web.archive.org/web/20250514171511/https://www.hethport.uni-wuerzburg.de/CTH/index.php
57,Erlass Muršilis II. über die Anerkennung des Status seines Bruders Pijaššili/Šarri-Kušuḫ in Karkamiš,2026-07-20,http://web.archive.org/web/20250514171511/https://www.hethport.uni-wuerzburg.de/CTH/index.php
58,Bericht Arnuwandas II. über Taten seines Vaters Šuppiluliuma I.,2026-07-20,http://web.archive.org/web/20250514171511/https://www.hethport.uni-wuerzburg.de/CTH/index.php
61,"Annalen Muršilis II. (.I Zehnjahresannalen, .II Ausführliche Annalen, .III nicht zugeordnete Fragmente)",2026-07-20,http://web.archive.org/web/20250514171511/https://www.hethport.uni-wuerzburg.de/CTH/index.php
62,"Vertrag Muršilis II. mit Duppi-Teššup von Amurru (.I Akkadisch, .II Hethitisch)",2026-07-20,http://web.archive.org/web/20250514171511/https://www.hethport.uni-wuerzburg.de/CTH/index.php
63,Rechtssprüche zum Grenzkonflikt zwischen Nuḫašše und Barga sowie Übereinkunft mit Duppi-Teššup von Amurru,2026-07-20,http://web.archive.org/web/20250514171511/https://www.hethport.uni-wuerzburg.de/CTH/index.php
67,Vertrag Muršilis II. mit Targašnalli von Ḫapalla,2026-07-20,http://web.archive.org/web/20250514171511/https://www.hethport.uni-wuerzburg.de/CTH/index.php
68,Vertrag Muršilis II. mit Kupanta-Kurunta von Mira und Kuwalija,2026-07-20,http://web.archive.org/web/20250514171511/https://www.hethport.uni-wuerzburg.de/CTH/index.php
69,Vertrag Muršilis II. mit Manapa-Tarḫunta von Šēḫa,2026-07-20,http://web.archive.org/web/20250514171511/https://www.hethport.uni-wuerzburg.de/CTH/index.php
70,Gebet Muršilis II. über Untaten und Verbannung der Tawananna (Witwe Šuppiluliumas I.),2026-07-20,http://web.archive.org/web/20250514171511/https://www.hethport.uni-wuerzburg.de/CTH/index.php
72,"Bericht Muršilis II. über Auseinandersetzungen mit Ägypten in Syrien, mit Gebet an die Götterversammlung",2026-07-20,http://web.archive.org/web/20250514171511/https://www.hethport.uni-wuerzburg.de/CTH/index.php
75,Vertrag Muwattallis II. mit Talmi-Šarrumma von Aleppo,2026-07-20,http://web.archive.org/web/20250514171511/https://www.hethport.uni-wuerzburg.de/CTH/index.php
76,Vertrag Muwattallis II. mit Alakšandu von Wiluša,2026-07-20,http://web.archive.org/web/20250514171511/https://www.hethport.uni-wuerzburg.de/CTH/index.php
78,Vertrag mit Ḫayaša,2026-07-20,http://web.archive.org/web/20250514171511/https://www.hethport.uni-wuerzburg.de/CTH/index.php
79,Memorandum zu Muršili III.,2026-07-20,http://web.archive.org/web/20250514171511/https://www.hethport.uni-wuerzburg.de/CTH/index.php
81,Apologie Ḫattušilis III.,2026-07-20,http://web.archive.org/web/20250514171511/https://www.hethport.uni-wuerzburg.de/CTH/index.php
82,Annalen Ḫattušilis III.,2026-07-20,http://web.archive.org/web/20250514171511/https://www.hethport.uni-wuerzburg.de/CTH/index.php
83,Bericht Ḫattušilis III. über Feldzüge Šuppiluliumas I.,2026-07-20,http://web.archive.org/web/20250514171511/https://www.hethport.uni-wuerzburg.de/CTH/index.php
84,Bericht über Taten Šuppiluliumas I. und Muršilis II.,2026-07-20,http://web.archive.org/web/20250514171511/https://www.hethport.uni-wuerzburg.de/CTH/index.php
85,Konflikt zwischen Muršili III. (Urḫi-Teššup) und Ḫattušili III.,2026-07-20,http://web.archive.org/web/20250514171511/https://www.hethport.uni-wuerzburg.de/CTH/index.php
86,Erlass Ḫattušilis III. über das Vermögen von Arma-Tarḫunta,2026-07-20,http://web.archive.org/web/20250514171511/https://www.hethport.uni-wuerzburg.de/CTH/index.php
87,Erlass Ḫattušilis III. zugunsten der Söhne des Mittanamuwa,2026-07-20,http://web.archive.org/web/20250514171511/https://www.hethport.uni-wuerzburg.de/CTH/index.php
88,Erlass Ḫattušilis III. über die Befreiung des ḫekur des Pirwa von Abgaben,2026-07-20,http://web.archive.org/web/20250514171511/https://www.hethport.uni-wuerzburg.de/CTH/index.php
89,Erlass Ḫattušilis III. über die Leute von Tiliura,2026-07-20,http://web.archive.org/web/20250514171511/https://www.hethport.uni-wuerzburg.de/CTH/index.php
91,Vertrag Ḫattušilis III. mit Ramses II. von Ägypten,2026-07-20,http://web.archive.org/web/20250514171511/https://www.hethport.uni-wuerzburg.de/CTH/index.php
92,Vertrag Ḫattušilis III. mit Bentešina von Amurru,2026-07-20,http://web.archive.org/web/20250514171511/https://www.hethport.uni-wuerzburg.de/CTH/index.php
96,Erklärung des Kurunta von Tarḫuntašša,2026-07-20,http://web.archive.org/web/20250514171511/https://www.hethport.uni-wuerzburg.de/CTH/index.php
98,Brief? mit Erwähnung des Bentešina und Ägyptens,2026-07-20,http://web.archive.org/web/20250514171511/https://www.hethport.uni-wuerzburg.de/CTH/index.php
99,Historischer Bericht,2026-07-20,http://web.archive.org/web/20250514171511/https://www.hethport.uni-wuerzburg.de/CTH/index.php
100,Abkommen zwischen Ini-Teššup von Karkamiš und Ugarit,2026-07-20,http://web.archive.org/web/20250514171511/https://www.hethport.uni-wuerzburg.de/CTH/index.php
101,Fragmente zur Wiederherstellung von Nerik,2026-07-20,http://web.archive.org/web/20250514171511/https://www.hethport.uni-wuerzburg.de/CTH/index.php
105,Vertrag Tutḫalijas IV. mit Šauškamuwa von Amurru,2026-07-20,http://web.archive.org/web/20250514171511/https://www.hethport.uni-wuerzburg.de/CTH/index.php
106,Verträge mit Königen von Tarḫuntašša,2026-07-20,http://web.archive.org/web/20250514171511/https://www.hethport.uni-wuerzburg.de/CTH/index.php
121,Inschrift Šuppiluliumas II. über die Eroberung von Alašija,2026-07-20,http://web.archive.org/web/20250514171511/https://www.hethport.uni-wuerzburg.de/CTH/index.php
122,Vertrag Šuppiluliumas II. mit Talmi-Teššup von Karkamiš,2026-07-20,http://web.archive.org/web/20250514171511/https://www.hethport.uni-wuerzburg.de/CTH/index.php
123,Vertrag Tutḫalijas IV. oder Šuppiluliumas II. mit unbekanntem Partner,2026-07-20,http://web.archive.org/web/20250514171511/https://www.hethport.uni-wuerzburg.de/CTH/index.php
124,Treueid eines Schreibers (Tagi-Šarruma?),2026-07-20,http://web.archive.org/web/20250514171511/https://www.hethport.uni-wuerzburg.de/CTH/index.php
126,Historische Fragmente mit Erwähnung Šuppiluliumas II.,2026-07-20,http://web.archive.org/web/20250514171511/https://www.hethport.uni-wuerzburg.de/CTH/index.php
127,Brief über Hungerjahre und Getreidelieferung,2026-07-20,http://web.archive.org/web/20250514171511/https://www.hethport.uni-wuerzburg.de/CTH/index.php
132,Vertrag mit Kizzuwatna,2026-07-20,http://web.archive.org/web/20250514171511/https://www.hethport.uni-wuerzburg.de/CTH/index.php
133,Vertrag Arnuwandas I. mit den Leuten von Išmerika,2026-07-20,http://web.archive.org/web/20250514171511/https://www.hethport.uni-wuerzburg.de/CTH/index.php
134,Vertrag mit Kuruštama,2026-07-20,http://web.archive.org/web/20250514171511/https://www.hethport.uni-wuerzburg.de/CTH/index.php
135,Vertrag Tutḫalijas I.? mit Tunip,2026-07-20,http://web.archive.org/web/20250514171511/https://www.hethport.uni-wuerzburg.de/CTH/index.php
136,Vertrag Šuppiluliumas I. mit Mukiš,2026-07-20,http://web.archive.org/web/20250514171511/https://www.hethport.uni-wuerzburg.de/CTH/index.php
137,Vertrag Arnuwandas I. mit den Kaškäern,2026-07-20,http://web.archive.org/web/20250514171511/https://www.hethport.uni-wuerzburg.de/CTH/index.php
138,Vertrag Arnuwandas I. mit den Kaškäern,2026-07-20,http://web.archive.org/web/20250514171511/https://www.hethport.uni-wuerzburg.de/CTH/index.php
139,Vertrag Arnuwandas I. mit den Kaškäern,2026-07-20,http://web.archive.org/web/20250514171511/https://www.hethport.uni-wuerzburg.de/CTH/index.php
140,Fragmente der Verträge Arnuwandas I. mit den Kaškäern,2026-07-20,http://web.archive.org/web/20250514171511/https://www.hethport.uni-wuerzburg.de/CTH/index.php
141,Vertrag Šuppiluliumas II. mit Alašija,2026-07-20,http://web.archive.org/web/20250514171511/https://www.hethport.uni-wuerzburg.de/CTH/index.php
142,Annalen Tutḫalijas I.,2026-07-20,http://web.archive.org/web/20250514171511/https://www.hethport.uni-wuerzburg.de/CTH/index.php
143,Annalen Arnuwandas I.,2026-07-20,http://web.archive.org/web/20250514171511/https://www.hethport.uni-wuerzburg.de/CTH/index.php
145,Eidesleistung aus der Zeit Šuppiluliumas II.,2026-07-20,http://web.archive.org/web/20250514171511/https://www.hethport.uni-wuerzburg.de/CTH/index.php
146,Mida von Paḫḫuwa,2026-07-20,http://web.archive.org/web/20250514171511/https://www.hethport.uni-wuerzburg.de/CTH/index.php
147,Vergehen des Madduwatta,2026-07-20,http://web.archive.org/web/20250514171511/https://www.hethport.uni-wuerzburg.de/CTH/index.php
148,Historischer Bericht Arnuwandas I.,2026-07-20,http://web.archive.org/web/20250514171511/https://www.hethport.uni-wuerzburg.de/CTH/index.php
151,Brief Amenophis III. an Tarḫundaradu von Arzawa,2026-07-20,http://web.archive.org/web/20250514171511/https://www.hethport.uni-wuerzburg.de/CTH/index.php
152,Brief aus Arzawa an Amenophis III.,2026-07-20,http://web.archive.org/web/20250514171511/https://www.hethport.uni-wuerzburg.de/CTH/index.php
154,Brief Šuppiluliumas I. an Aj?,2026-07-20,http://web.archive.org/web/20250514171511/https://www.hethport.uni-wuerzburg.de/CTH/index.php
155,Brief Ramses II. an Ḫattušili III. über Urḫi-Teššup,2026-07-20,http://web.archive.org/web/20250514171511/https://www.hethport.uni-wuerzburg.de/CTH/index.php
156,Briefe Ramses II. an Ḫattušili III. über Urḫi-Teššup,2026-07-20,http://web.archive.org/web/20250514171511/https://www.hethport.uni-wuerzburg.de/CTH/index.php
157,Heiratsbriefe Ramses II. an Ḫattušili III.,2026-07-20,http://web.archive.org/web/20250514171511/https://www.hethport.uni-wuerzburg.de/CTH/index.php
158,Heiratsbriefe Ramses II. an Puduḫepa,2026-07-20,http://web.archive.org/web/20250514171511/https://www.hethport.uni-wuerzburg.de/CTH/index.php
159,Heiratsbriefe Ramses II. an Ḫattušili III. und Puduḫepa,2026-07-20,http://web.archive.org/web/20250514171511/https://www.hethport.uni-wuerzburg.de/CTH/index.php
160,Brief Puduḫepas an Ramses II.,2026-07-20,http://web.archive.org/web/20250514171511/https://www.hethport.uni-wuerzburg.de/CTH/index.php
161,Brief Ramses II. an Ḫattušili III.,2026-07-20,http://web.archive.org/web/20250514171511/https://www.hethport.uni-wuerzburg.de/CTH/index.php
162,Briefe Ramses II. an Ḫattušili III. und Puduḫepa,2026-07-20,http://web.archive.org/web/20250514171511/https://www.hethport.uni-wuerzburg.de/CTH/index.php
163,Briefe Ramses II. an Ḫattušili III.,2026-07-20,http://web.archive.org/web/20250514171511/https://www.hethport.uni-wuerzburg.de/CTH/index.php
164,Briefe Ramses II. an Puduḫepa,2026-07-20,http://web.archive.org/web/20250514171511/https://www.hethport.uni-wuerzburg.de/CTH/index.php
165,Briefe Ramses II. an unbekannte Adressaten,2026-07-20,http://web.archive.org/web/20250514171511/https://www.hethport.uni-wuerzburg.de/CTH/index.php
166,Brief Ramses II. an Kupanta-Kurunta von Mira,2026-07-20,http://web.archive.org/web/20250514171511/https://www.hethport.uni-wuerzburg.de/CTH/index.php
167,"Brief Napteras, Gemahlin Ramses II., an Puduḫepa",2026-07-20,http://web.archive.org/web/20250514171511/https://www.hethport.uni-wuerzburg.de/CTH/index.php
168,Briefe der Königsmutter Tūja an Ḫattušili III.,2026-07-20,http://web.archive.org/web/20250514171511/https://www.hethport.uni-wuerzburg.de/CTH/index.php
169,"Briefe des Prinzen Šutaḫapšap, Sohn Ramses II., an Ḫattušili III.",2026-07-20,http://web.archive.org/web/20250514171511/https://www.hethport.uni-wuerzburg.de/CTH/index.php
170,Fragmente ägyptisch-hethitischer Korrespondenz,2026-07-20,http://web.archive.org/web/20250514171511/https://www.hethport.uni-wuerzburg.de/CTH/index.php
171,Brief Muwatallis II. an Adad-nīrāri I.,2026-07-20,http://web.archive.org/web/20250514171511/https://www.hethport.uni-wuerzburg.de/CTH/index.php
172,Brief Ḫattušilis III. an Kadašman-Enlil II.,2026-07-20,http://web.archive.org/web/20250514171511/https://www.hethport.uni-wuerzburg.de/CTH/index.php
173,Brief Ḫattušilis III. an Adad-nārārī I.,2026-07-20,http://web.archive.org/web/20250514171511/https://www.hethport.uni-wuerzburg.de/CTH/index.php
174,Brief Kadašman-Turgus an Ḫattušili III.,2026-07-20,http://web.archive.org/web/20250514171511/https://www.hethport.uni-wuerzburg.de/CTH/index.php
175,Brief Salmanassars I.? von Assyrien an einen hethitischen König,2026-07-20,http://web.archive.org/web/20250514171511/https://www.hethport.uni-wuerzburg.de/CTH/index.php
176,Brief Puduḫepas an Ramses II.,2026-07-20,http://web.archive.org/web/20250514171511/https://www.hethport.uni-wuerzburg.de/CTH/index.php
177,Briefe Tutḫalijas IV. an Tukultī-Ninurta I. von Assyrien,2026-07-20,http://web.archive.org/web/20250514171511/https://www.hethport.uni-wuerzburg.de/CTH/index.php
178,Briefe Tutḫalijas IV. an Baba-aḫ-iddina sowie an andere Adressaten aus Assyrien,2026-07-20,http://web.archive.org/web/20250514171511/https://www.hethport.uni-wuerzburg.de/CTH/index.php
179,Briefe eines Königs von Ḫanigalbat,2026-07-20,http://web.archive.org/web/20250514171511/https://www.hethport.uni-wuerzburg.de/CTH/index.php
180,Brief Puduḫepas an Tattamaru,2026-07-20,http://web.archive.org/web/20250514171511/https://www.hethport.uni-wuerzburg.de/CTH/index.php
181,Brief eines hethitischen Königs an den König von Aḫḫijawa (Tawagalawa-Brief),2026-07-20,http://web.archive.org/web/20250514171511/https://www.hethport.uni-wuerzburg.de/CTH/index.php
182,Milawata-Brief,2026-07-20,http://web.archive.org/web/20250514171511/https://www.hethport.uni-wuerzburg.de/CTH/index.php
183,Brief des Königs von Aḫḫijawa an den hethitischen König,2026-07-20,http://web.archive.org/web/20250514171511/https://www.hethport.uni-wuerzburg.de/CTH/index.php
185,Brief Ḫattušilis III. an Zuwa,2026-07-20,http://web.archive.org/web/20250514171511/https://www.hethport.uni-wuerzburg.de/CTH/index.php
186,Königsbriefe an Vasallen,2026-07-20,http://web.archive.org/web/20250514171511/https://www.hethport.uni-wuerzburg.de/CTH/index.php
187,Fragmentarische Königsbriefe,2026-07-20,http://web.archive.org/web/20250514171511/https://www.hethport.uni-wuerzburg.de/CTH/index.php
188,Brief an den König oder die Königin,2026-07-20,http://web.archive.org/web/20250514171511/https://www.hethport.uni-wuerzburg.de/CTH/index.php
190,Korrespondenz der Würdenträger,2026-07-20,http://web.archive.org/web/20250514171511/https://www.hethport.uni-wuerzburg.de/CTH/index.php
191,Brief Manapa-Tarḫuntas an den hethitischen König,2026-07-20,http://web.archive.org/web/20250514171511/https://www.hethport.uni-wuerzburg.de/CTH/index.php
192,Brief Tutḫalijas an die Königin,2026-07-20,http://web.archive.org/web/20250514171511/https://www.hethport.uni-wuerzburg.de/CTH/index.php
193,Brief Bentešinas von Amurru an Ḫattušili III.,2026-07-20,http://web.archive.org/web/20250514171511/https://www.hethport.uni-wuerzburg.de/CTH/index.php
194,Brief eines Muwatalli an den König,2026-07-20,http://web.archive.org/web/20250514171511/https://www.hethport.uni-wuerzburg.de/CTH/index.php
195,Brief dreier Auguren an die Königin,2026-07-20,http://web.archive.org/web/20250514171511/https://www.hethport.uni-wuerzburg.de/CTH/index.php
196,Brief Lupakkis an den König von Karkamiš,2026-07-20,http://web.archive.org/web/20250514171511/https://www.hethport.uni-wuerzburg.de/CTH/index.php
197,Brief Mašas an seinen Herrn,2026-07-20,http://web.archive.org/web/20250514171511/https://www.hethport.uni-wuerzburg.de/CTH/index.php
198,Brief eines Tutḫalija an den König,2026-07-20,http://web.archive.org/web/20250514171511/https://www.hethport.uni-wuerzburg.de/CTH/index.php
199,Brief Tarḫuntiššas an Palla,2026-07-20,http://web.archive.org/web/20250514171511/https://www.hethport.uni-wuerzburg.de/CTH/index.php
200,Brief Kaššus? an den König,2026-07-20,http://web.archive.org/web/20250514171511/https://www.hethport.uni-wuerzburg.de/CTH/index.php
201,Brief Pazzus an den König,2026-07-20,http://web.archive.org/web/20250514171511/https://www.hethport.uni-wuerzburg.de/CTH/index.php
202,Brief Mašḫuiluwas von Mira-Kuwalija an Muršili II.,2026-07-20,http://web.archive.org/web/20250514171511/https://www.hethport.uni-wuerzburg.de/CTH/index.php
203,Brief eines hohen Beamten an den König,2026-07-20,http://web.archive.org/web/20250514171511/https://www.hethport.uni-wuerzburg.de/CTH/index.php
205,Brief Tagi-Šarrumas an den König,2026-07-20,http://web.archive.org/web/20250514171511/https://www.hethport.uni-wuerzburg.de/CTH/index.php
208,Fragmente akkadischer Briefe,2026-07-20,http://web.archive.org/web/20250514171511/https://www.hethport.uni-wuerzburg.de/CTH/index.php
209,Fragmente hethitischer Briefe,2026-07-20,http://web.archive.org/web/20250514171511/https://www.hethport.uni-wuerzburg.de/CTH/index.php
210,Verschiedene Brieffragmente,2026-07-20,http://web.archive.org/web/20250514171511/https://www.hethport.uni-wuerzburg.de/CTH/index.php
211,Fragmente von Annalen,2026-07-20,http://web.archive.org/web/20250514171511/https://www.hethport.uni-wuerzburg.de/CTH/index.php
212,Fragmente von Verträgen oder Instruktionen,2026-07-20,http://web.archive.org/web/20250514171511/https://www.hethport.uni-wuerzburg.de/CTH/index.php
213,Fragmente von Götterzeugenlisten in Verträgen und Instruktionen,2026-07-20,http://web.archive.org/web/20250514171511/https://www.hethport.uni-wuerzburg.de/CTH/index.php
214,Fragmente historischer Texte,2026-07-20,http://web.archive.org/web/20250514171511/https://www.hethport.uni-wuerzburg.de/CTH/index.php
215,Undifferenzierte Fragmente historischer Texte,2026-07-20,http://web.archive.org/web/20250514171511/https://www.hethport.uni-wuerzburg.de/CTH/index.php
216,Fragmente akkadischer historischer Texte,2026-07-20,http://web.archive.org/web/20250514171511/https://www.hethport.uni-wuerzburg.de/CTH/index.php
222,Königliche Landschenkungsurkunden,2026-07-20,http://web.archive.org/web/20250514171511/https://www.hethport.uni-wuerzburg.de/CTH/index.php
224,Landschenkung Ḫattušilis III. an Ura-Tarḫunta,2026-07-20,http://web.archive.org/web/20250514171511/https://www.hethport.uni-wuerzburg.de/CTH/index.php
225,Landschenkung Tutḫalijas IV. an Šaḫurunuwa,2026-07-20,http://web.archive.org/web/20250514171511/https://www.hethport.uni-wuerzburg.de/CTH/index.php
229,Nichtkönigliche Urkunden,2026-07-20,http://web.archive.org/web/20250514171511/https://www.hethport.uni-wuerzburg.de/CTH/index.php
230,Itinerare,2026-07-20,http://web.archive.org/web/20250514171511/https://www.hethport.uni-wuerzburg.de/CTH/index.php
231,Liste von Verwaltern (LÚAGRIG),2026-07-20,http://web.archive.org/web/20250514171511/https://www.hethport.uni-wuerzburg.de/CTH/index.php
232,Liste von Palastangestellten,2026-07-20,http://web.archive.org/web/20250514171511/https://www.hethport.uni-wuerzburg.de/CTH/index.php
233,Liste von Familien,2026-07-20,http://web.archive.org/web/20250514171511/https://www.hethport.uni-wuerzburg.de/CTH/index.php
234,Liste von Männern,2026-07-20,http://web.archive.org/web/20250514171511/https://www.hethport.uni-wuerzburg.de/CTH/index.php
235,Liste von Frauen,2026-07-20,http://web.archive.org/web/20250514171511/https://www.hethport.uni-wuerzburg.de/CTH/index.php
236,Liste von Männern und Soldaten,2026-07-20,http://web.archive.org/web/20250514171511/https://www.hethport.uni-wuerzburg.de/CTH/index.php
237,Liste von Personen,2026-07-20,http://web.archive.org/web/20250514171511/https://www.hethport.uni-wuerzburg.de/CTH/index.php
238,Liste von Ortschaften,2026-07-20,http://web.archive.org/web/20250514171511/https://www.hethport.uni-wuerzburg.de/CTH/index.php
239,"Liste von Feldern, Kataster",2026-07-20,http://web.archive.org/web/20250514171511/https://www.hethport.uni-wuerzburg.de/CTH/index.php
240,"Texte zu Verkauf, Kauf und Tausch",2026-07-20,http://web.archive.org/web/20250514171511/https://www.hethport.uni-wuerzburg.de/CTH/index.php
241,"Inventare von Truhen (.I Inventare, .II Transporttexte (ŠA KASKAL))",2026-07-20,http://web.archive.org/web/20250514171511/https://www.hethport.uni-wuerzburg.de/CTH/index.php
242,"Texte zur Herstellung von Metallobjekten (.I Gold und Silber, .II Kupfer)",2026-07-20,http://web.archive.org/web/20250514171511/https://www.hethport.uni-wuerzburg.de/CTH/index.php
243,"Texte zur Textil- und Lederherstellung (.I Wolle- und Fellverarbeitung, .II Textilherstellung)",2026-07-20,http://web.archive.org/web/20250514171511/https://www.hethport.uni-wuerzburg.de/CTH/index.php
244,"Inventare von Inlandstribut (MADDATTU) (.I Metalle und langlebige Güter, .II Wolle und Kleidungsstücke)",2026-07-20,http://web.archive.org/web/20250514171511/https://www.hethport.uni-wuerzburg.de/CTH/index.php
245,"Texte betreffs Distributionen (.I Unter Aufsicht (ĪDE), .II An namentlich genannte Personen, .III Sonstige)",2026-07-20,http://web.archive.org/web/20250514171511/https://www.hethport.uni-wuerzburg.de/CTH/index.php
246,"Komplexe Inventare (.I Benannte, .II Fragmente)",2026-07-20,http://web.archive.org/web/20250514171511/https://www.hethport.uni-wuerzburg.de/CTH/index.php
247,Inventare mit Zustandsbeschreibungen und zur Instandhaltung,2026-07-20,http://web.archive.org/web/20250514171511/https://www.hethport.uni-wuerzburg.de/CTH/index.php
248,"Mit dem Staatskult im Zusammenhang stehende Inventare (.I Tempelinventare mit Kommentar über Versorgung, .II Detaillierte Beschreibungen von Kultbildern, .III Texte zu Votivobjekten, .IV Inventarfragmente von Kultbildern und Figuren)",2026-07-20,http://web.archive.org/web/20250514171511/https://www.hethport.uni-wuerzburg.de/CTH/index.php
249,"Inventare und Inventarfragmente (.I Gemischte Inventare, .II Textile und Kleidungsstücke, .III Edelmetall- und Steinobjekte und Schmucksachen, .IV Elfenbein- und Ebenholzobjekte, .V Waffen und Werkzeug)",2026-07-20,http://web.archive.org/web/20250514171511/https://www.hethport.uni-wuerzburg.de/CTH/index.php
250,Verschiedene Inventare und Verwaltungsfragmente,2026-07-20,http://web.archive.org/web/20250514171511/https://www.hethport.uni-wuerzburg.de/CTH/index.php
251,Instruktionen für Würdenträger (LÚ.MEŠDUGUD),2026-07-20,http://web.archive.org/web/20250514171511/https://www.hethport.uni-wuerzburg.de/CTH/index.php
252,Instruktionen Ašmunikkals für die Wächter der Grabanlage (É.NA₄),2026-07-20,http://web.archive.org/web/20250514171511/https://www.hethport.uni-wuerzburg.de/CTH/index.php
253,Instruktionen Šuppiluliumas I.,2026-07-20,http://web.archive.org/web/20250514171511/https://www.hethport.uni-wuerzburg.de/CTH/index.php
254,Militärische Instruktionen Ḫattušilis III.,2026-07-20,http://web.archive.org/web/20250514171511/https://www.hethport.uni-wuerzburg.de/CTH/index.php
255,"Instruktionen Tutḫalijas IV. für Prinzen, Herren und Obere (LÚ.MEŠSAG)",2026-07-20,http://web.archive.org/web/20250514171511/https://www.hethport.uni-wuerzburg.de/CTH/index.php
256,Instruktionen Šuppiluliumas II.,2026-07-20,http://web.archive.org/web/20250514171511/https://www.hethport.uni-wuerzburg.de/CTH/index.php
257,Instruktionen Arnuwandas I. für den Bürgermeister (ḪAZANNU),2026-07-20,http://web.archive.org/web/20250514171511/https://www.hethport.uni-wuerzburg.de/CTH/index.php
258,Instruktionen eines Tutḫalija zur Stabilisierung der Rechtsverhältnisse,2026-07-20,http://web.archive.org/web/20250514171511/https://www.hethport.uni-wuerzburg.de/CTH/index.php
259,Militärische Instruktionen Tutḫalijas I.,2026-07-20,http://web.archive.org/web/20250514171511/https://www.hethport.uni-wuerzburg.de/CTH/index.php
260,Instruktionen Arnuwandas I. und Ašmunikkals für Würdenträger (LÚ.MEŠDUGUD),2026-07-20,http://web.archive.org/web/20250514171511/https://www.hethport.uni-wuerzburg.de/CTH/index.php
261,Instruktionen Arnuwandas I. für Provinzgouverneure (BĒL MADGALTI),2026-07-20,http://web.archive.org/web/20250514171511/https://www.hethport.uni-wuerzburg.de/CTH/index.php
262,Instruktionen für die Leibwache (LÚ.MEŠMEŠEDI),2026-07-20,http://web.archive.org/web/20250514171511/https://www.hethport.uni-wuerzburg.de/CTH/index.php
263,Instruktionen für die Torwächter,2026-07-20,http://web.archive.org/web/20250514171511/https://www.hethport.uni-wuerzburg.de/CTH/index.php
264,Instruktionen für Priester und Tempelpersonal,2026-07-20,http://web.archive.org/web/20250514171511/https://www.hethport.uni-wuerzburg.de/CTH/index.php
265,Instruktionen für Palastangestellte,2026-07-20,http://web.archive.org/web/20250514171511/https://www.hethport.uni-wuerzburg.de/CTH/index.php
266,Instruktionen für Palastpersonal,2026-07-20,http://web.archive.org/web/20250514171511/https://www.hethport.uni-wuerzburg.de/CTH/index.php
267,Instruktionen für Soldaten (LÚ.MEŠUKU.UŠ),2026-07-20,http://web.archive.org/web/20250514171511/https://www.hethport.uni-wuerzburg.de/CTH/index.php
268,Militärische Instruktionen,2026-07-20,http://web.archive.org/web/20250514171511/https://www.hethport.uni-wuerzburg.de/CTH/index.php
269,Königserlass über soziale und wirtschaftliche Reformen,2026-07-20,http://web.archive.org/web/20250514171511/https://www.hethport.uni-wuerzburg.de/CTH/index.php
270,Eid des Ašḫapala,2026-07-20,http://web.archive.org/web/20250514171511/https://www.hethport.uni-wuerzburg.de/CTH/index.php
271,Instruktionen für die dynastische Abfolge,2026-07-20,http://web.archive.org/web/20250514171511/https://www.hethport.uni-wuerzburg.de/CTH/index.php
272,Königserlass,2026-07-20,http://web.archive.org/web/20250514171511/https://www.hethport.uni-wuerzburg.de/CTH/index.php
275,Fragmente der Instruktionen und Protokolle,2026-07-20,http://web.archive.org/web/20250514171511/https://www.hethport.uni-wuerzburg.de/CTH/index.php
276,"Tafelkatalog, Typ: DUB.xKAM",2026-07-20,http://web.archive.org/web/20250514171511/https://www.hethport.uni-wuerzburg.de/CTH/index.php
277,"Tafelkatalog, Typ: x ṬUP-PU",2026-07-20,http://web.archive.org/web/20250514171511/https://www.hethport.uni-wuerzburg.de/CTH/index.php
278,"Tafelkatalog, Typ: x DUB UMMA/mān",2026-07-20,http://web.archive.org/web/20250514171511/https://www.hethport.uni-wuerzburg.de/CTH/index.php
279,"Tafelkatalog, Typ: mān/INIM, ohne DUB",2026-07-20,http://web.archive.org/web/20250514171511/https://www.hethport.uni-wuerzburg.de/CTH/index.php
280,"Tafelkatalog, Typ: DUB.x.BI",2026-07-20,http://web.archive.org/web/20250514171511/https://www.hethport.uni-wuerzburg.de/CTH/index.php
281,"Tafelkatalog, Typ: DUB.xKAM in linker Kolumne",2026-07-20,http://web.archive.org/web/20250514171511/https://www.hethport.uni-wuerzburg.de/CTH/index.php
282,Verschiedene Tafelkataloge,2026-07-20,http://web.archive.org/web/20250514171511/https://www.hethport.uni-wuerzburg.de/CTH/index.php
283,Bibliotheksetiketten,2026-07-20,http://web.archive.org/web/20250514171511/https://www.hethport.uni-wuerzburg.de/CTH/index.php
284,Pferdetrainingsanleitung des Kikkuli,2026-07-20,http://web.archive.org/web/20250514171511/https://www.hethport.uni-wuerzburg.de/CTH/index.php
285,Rituell eingeleitete Pferdetrainingsanleitung,2026-07-20,http://web.archive.org/web/20250514171511/https://www.hethport.uni-wuerzburg.de/CTH/index.php
286,Pferdetrainingsanleitung (Hethitisch),2026-07-20,http://web.archive.org/web/20250514171511/https://www.hethport.uni-wuerzburg.de/CTH/index.php
287,Fragmente von Pferdetrainingsanleitungen,2026-07-20,http://web.archive.org/web/20250514171511/https://www.hethport.uni-wuerzburg.de/CTH/index.php
289,Chemische Rezepte und Glasrezepte,2026-07-20,http://web.archive.org/web/20250514171511/https://www.hethport.uni-wuerzburg.de/CTH/index.php
291,"Gesetze, 1. Serie: ""Wenn ein Mann""",2026-07-20,http://web.archive.org/web/20250514171511/https://www.hethport.uni-wuerzburg.de/CTH/index.php
292,"Gesetze, 2. Serie: ""Wenn eine Rebe""",2026-07-20,http://web.archive.org/web/20250514171511/https://www.hethport.uni-wuerzburg.de/CTH/index.php
293,Gerichtsprotokoll zu Ukkura,2026-07-20,http://web.archive.org/web/20250514171511/https://www.hethport.uni-wuerzburg.de/CTH/index.php
294,Gerichtsprotokoll zu Kunijapija,2026-07-20,http://web.archive.org/web/20250514171511/https://www.hethport.uni-wuerzburg.de/CTH/index.php
295,Verschiedene Gerichtsprotokolle,2026-07-20,http://web.archive.org/web/20250514171511/https://www.hethport.uni-wuerzburg.de/CTH/index.php
296,Gerichtsprotokoll zu Pallarija,2026-07-20,http://web.archive.org/web/20250514171511/https://www.hethport.uni-wuerzburg.de/CTH/index.php
297,Mögliche Gerichtsprotokolle,2026-07-20,http://web.archive.org/web/20250514171511/https://www.hethport.uni-wuerzburg.de/CTH/index.php
299,Sa,2026-07-20,http://web.archive.org/web/20250514171511/https://www.hethport.uni-wuerzburg.de/CTH/index.php
300,Diri,2026-07-20,http://web.archive.org/web/20250514171511/https://www.hethport.uni-wuerzburg.de/CTH/index.php
301,Erimḫuš,2026-07-20,http://web.archive.org/web/20250514171511/https://www.hethport.uni-wuerzburg.de/CTH/index.php
302,Ura,2026-07-20,http://web.archive.org/web/20250514171511/https://www.hethport.uni-wuerzburg.de/CTH/index.php
303,Izi,2026-07-20,http://web.archive.org/web/20250514171511/https://www.hethport.uni-wuerzburg.de/CTH/index.php
304,Kagal,2026-07-20,http://web.archive.org/web/20250514171511/https://www.hethport.uni-wuerzburg.de/CTH/index.php
305,LU = ša,2026-07-20,http://web.archive.org/web/20250514171511/https://www.hethport.uni-wuerzburg.de/CTH/index.php
306,Zeichenliste,2026-07-20,http://web.archive.org/web/20250514171511/https://www.hethport.uni-wuerzburg.de/CTH/index.php
309,Fragmente lexikalischer Listen,2026-07-20,http://web.archive.org/web/20250514171511/https://www.hethport.uni-wuerzburg.de/CTH/index.php
310,"Hethitische Fragmente des šar tamḫāri ""König der Schlacht""",2026-07-20,http://web.archive.org/web/20250514171511/https://www.hethport.uni-wuerzburg.de/CTH/index.php
311,Naram-Sin in Kleinasien,2026-07-20,http://web.archive.org/web/20250514171511/https://www.hethport.uni-wuerzburg.de/CTH/index.php
312,Hymne an Ištar,2026-07-20,http://web.archive.org/web/20250514171511/https://www.hethport.uni-wuerzburg.de/CTH/index.php
313,"Hymne an Adad (.I Akkadisch, .II Hethitisch)",2026-07-20,http://web.archive.org/web/20250514171511/https://www.hethport.uni-wuerzburg.de/CTH/index.php
314,Trilinguale Hymne an Iškur-Adad,2026-07-20,http://web.archive.org/web/20250514171511/https://www.hethport.uni-wuerzburg.de/CTH/index.php
315,Botschaft des Lú-dingir-ra an seine Mutter,2026-07-20,http://web.archive.org/web/20250514171511/https://www.hethport.uni-wuerzburg.de/CTH/index.php
316,Akkadisch-hethitische Weisheitstexte,2026-07-20,http://web.archive.org/web/20250514171511/https://www.hethport.uni-wuerzburg.de/CTH/index.php
321,Illujanka-Mythos,2026-07-20,http://web.archive.org/web/20250514171511/https://www.hethport.uni-wuerzburg.de/CTH/index.php
322,Mythos von Telipinu und der Tochter des Meeres,2026-07-20,http://web.archive.org/web/20250514171511/https://www.hethport.uni-wuerzburg.de/CTH/index.php
323,Mythos von Verschwinden und Wiederkehr der Sonnengottheit,2026-07-20,http://web.archive.org/web/20250514171511/https://www.hethport.uni-wuerzburg.de/CTH/index.php
324,Telipinu-Mythos,2026-07-20,http://web.archive.org/web/20250514171511/https://www.hethport.uni-wuerzburg.de/CTH/index.php
325,Mythos von Verschwinden und Wiederkehr des Wettergottes,2026-07-20,http://web.archive.org/web/20250514171511/https://www.hethport.uni-wuerzburg.de/CTH/index.php
326,Mythos von Verschwinden und Wiederkehr des Wettergottes der Ašmunikkal,2026-07-20,http://web.archive.org/web/20250514171511/https://www.hethport.uni-wuerzburg.de/CTH/index.php
327,Mythos von Verschwinden und Wiederkehr des Wettergottes der Ḫarapšili,2026-07-20,http://web.archive.org/web/20250514171511/https://www.hethport.uni-wuerzburg.de/CTH/index.php
328,Mythos von Verschwinden und Wiederkehr des Wettergottes des Schreibers Pirwa,2026-07-20,http://web.archive.org/web/20250514171511/https://www.hethport.uni-wuerzburg.de/CTH/index.php
330,Ritual für den Wettergott von Kuliwišna,2026-07-20,http://web.archive.org/web/20250514171511/https://www.hethport.uni-wuerzburg.de/CTH/index.php
331,Mythos des Wettergottes in Liḫzina,2026-07-20,http://web.archive.org/web/20250514171511/https://www.hethport.uni-wuerzburg.de/CTH/index.php
332,Mythos von Verschwinden und Wiederkehr des Wettergottes: mugawar-Fragmente,2026-07-20,http://web.archive.org/web/20250514171511/https://www.hethport.uni-wuerzburg.de/CTH/index.php
333,Mythos von Verschwinden und Wiederkehr von Anzili und Zukki,2026-07-20,http://web.archive.org/web/20250514171511/https://www.hethport.uni-wuerzburg.de/CTH/index.php
334,Mythos von Verschwinden und Wiederkehr der Ḫannaḫanna (DINGIR.MAḪ),2026-07-20,http://web.archive.org/web/20250514171511/https://www.hethport.uni-wuerzburg.de/CTH/index.php
335,Fragmente der Mythen von verschwindenden und wiederkehrenden Gottheiten,2026-07-20,http://web.archive.org/web/20250514171511/https://www.hethport.uni-wuerzburg.de/CTH/index.php
336,Mythen der Göttin Inara (DKAL),2026-07-20,http://web.archive.org/web/20250514171511/https://www.hethport.uni-wuerzburg.de/CTH/index.php
337,Fragmente mit Erwähnung des Gottes Pirwa,2026-07-20,http://web.archive.org/web/20250514171511/https://www.hethport.uni-wuerzburg.de/CTH/index.php
338,Herrn der Zunge: Mythos und Ritual,2026-07-20,http://web.archive.org/web/20250514171511/https://www.hethport.uni-wuerzburg.de/CTH/index.php
339,Mythos des Sonnengottes und der Ilalijant-Götter,2026-07-20,http://web.archive.org/web/20250514171511/https://www.hethport.uni-wuerzburg.de/CTH/index.php
341,"Gilgameš (.I Akkadisch, .II Hurritisch, .III Hethitisch)",2026-07-20,http://web.archive.org/web/20250514171511/https://www.hethport.uni-wuerzburg.de/CTH/index.php
342,Elkunirsa und Ašertu,2026-07-20,http://web.archive.org/web/20250514171511/https://www.hethport.uni-wuerzburg.de/CTH/index.php
343,Mythos vom Königtum des Gottes KAL,2026-07-20,http://web.archive.org/web/20250514171511/https://www.hethport.uni-wuerzburg.de/CTH/index.php
344,"Lied vom Ursprung (Königtum im Himmel, Theogonie)",2026-07-20,http://web.archive.org/web/20250514171511/https://www.hethport.uni-wuerzburg.de/CTH/index.php
345,"Lied von Ullikummi (.I Hethitisch, .II Hurritisch)",2026-07-20,http://web.archive.org/web/20250514171511/https://www.hethport.uni-wuerzburg.de/CTH/index.php
346,Fragmente des Kumarbi-Mythos,2026-07-20,http://web.archive.org/web/20250514171511/https://www.hethport.uni-wuerzburg.de/CTH/index.php
347,Atramḫasis,2026-07-20,http://web.archive.org/web/20250514171511/https://www.hethport.uni-wuerzburg.de/CTH/index.php
348,"Lied von Ḫedammu (.I Hethitisch, .II Hurritisch)",2026-07-20,http://web.archive.org/web/20250514171511/https://www.hethport.uni-wuerzburg.de/CTH/index.php
349,Teššup-Zyklus,2026-07-20,http://web.archive.org/web/20250514171511/https://www.hethport.uni-wuerzburg.de/CTH/index.php
350,Fragmente mit Erwähnung Ištars,2026-07-20,http://web.archive.org/web/20250514171511/https://www.hethport.uni-wuerzburg.de/CTH/index.php
351,Fragmente mit Erwähnung Eas,2026-07-20,http://web.archive.org/web/20250514171511/https://www.hethport.uni-wuerzburg.de/CTH/index.php
352,Fragmente mit Erwähnung Ḫuranus,2026-07-20,http://web.archive.org/web/20250514171511/https://www.hethport.uni-wuerzburg.de/CTH/index.php
353,Fragmente mit Erwähnung der Tochter der Plejaden (DIMIN.IMIN.BI),2026-07-20,http://web.archive.org/web/20250514171511/https://www.hethport.uni-wuerzburg.de/CTH/index.php
360,Märchen von Appu und seinen Söhnen,2026-07-20,http://web.archive.org/web/20250514171511/https://www.hethport.uni-wuerzburg.de/CTH/index.php
361,"Märchen vom Jäger Kešši und seiner schönen Frau (.I Hethitisch, .II Hurritisch, .III Akkadisch )",2026-07-20,http://web.archive.org/web/20250514171511/https://www.hethport.uni-wuerzburg.de/CTH/index.php
362,Heldentaten des Gurparanzaḫ,2026-07-20,http://web.archive.org/web/20250514171511/https://www.hethport.uni-wuerzburg.de/CTH/index.php
363,"Märchen vom Sonnengott, der Kuh und dem Fischer",2026-07-20,http://web.archive.org/web/20250514171511/https://www.hethport.uni-wuerzburg.de/CTH/index.php
364,Gesang vom Silber,2026-07-20,http://web.archive.org/web/20250514171511/https://www.hethport.uni-wuerzburg.de/CTH/index.php
365,Ritual und Mythos um den Euphrat (Māla),2026-07-20,http://web.archive.org/web/20250514171511/https://www.hethport.uni-wuerzburg.de/CTH/index.php
370,"Mythologische Fragmente (.I Hethitisch, .II Hurritisch)",2026-07-20,http://web.archive.org/web/20250514171511/https://www.hethport.uni-wuerzburg.de/CTH/index.php
371,Gebet an die Sonnengöttin der Erde,2026-07-20,http://web.archive.org/web/20250514171511/https://www.hethport.uni-wuerzburg.de/CTH/index.php
372,Hymne und Gebet eines Sterblichen an den Sonnengott (Šamaš),2026-07-20,http://web.archive.org/web/20250514171511/https://www.hethport.uni-wuerzburg.de/CTH/index.php
373,Kantuzzilis Gebet an den Sonnengott,2026-07-20,http://web.archive.org/web/20250514171511/https://www.hethport.uni-wuerzburg.de/CTH/index.php
374,Gebet eines Königs an den Sonnengott,2026-07-20,http://web.archive.org/web/20250514171511/https://www.hethport.uni-wuerzburg.de/CTH/index.php
375,Gebet Arnuwandas I. und Ašmunikkals an die Sonnengöttin von Arinna,2026-07-20,http://web.archive.org/web/20250514171511/https://www.hethport.uni-wuerzburg.de/CTH/index.php
376,Hymnen und Gebete an die Sonnengöttin von Arinna,2026-07-20,http://web.archive.org/web/20250514171511/https://www.hethport.uni-wuerzburg.de/CTH/index.php
377,Hymne und Gebet Muršilis II. an Telipinu,2026-07-20,http://web.archive.org/web/20250514171511/https://www.hethport.uni-wuerzburg.de/CTH/index.php
378,Pestgebete Muršilis II.,2026-07-20,http://web.archive.org/web/20250514171511/https://www.hethport.uni-wuerzburg.de/CTH/index.php
380,Gebet an Lelwani für die Genesung von Gaššulijawija,2026-07-20,http://web.archive.org/web/20250514171511/https://www.hethport.uni-wuerzburg.de/CTH/index.php
381,Gebet Muwattallis II. an die Götterversammlung,2026-07-20,http://web.archive.org/web/20250514171511/https://www.hethport.uni-wuerzburg.de/CTH/index.php
382,Gebet Muwattallis II. an den Wettergott von Kummanni,2026-07-20,http://web.archive.org/web/20250514171511/https://www.hethport.uni-wuerzburg.de/CTH/index.php
383,Gebet Ḫattušilis III. und Puduḫepas an die Sonnengöttin von Arinna,2026-07-20,http://web.archive.org/web/20250514171511/https://www.hethport.uni-wuerzburg.de/CTH/index.php
384,Gebet Puduḫepas an die Sonnengöttin von Arinna,2026-07-20,http://web.archive.org/web/20250514171511/https://www.hethport.uni-wuerzburg.de/CTH/index.php
385,Fragmente der Gebete an die Sonnengöttin von Arinna,2026-07-20,http://web.archive.org/web/20250514171511/https://www.hethport.uni-wuerzburg.de/CTH/index.php
386,Fragmente der Gebete an den Wettergott von Nerik,2026-07-20,http://web.archive.org/web/20250514171511/https://www.hethport.uni-wuerzburg.de/CTH/index.php
387,Gebet Muršilis III.,2026-07-20,http://web.archive.org/web/20250514171511/https://www.hethport.uni-wuerzburg.de/CTH/index.php
389,Gebetsfragmente,2026-07-20,http://web.archive.org/web/20250514171511/https://www.hethport.uni-wuerzburg.de/CTH/index.php
390,"Rituale und Beschwörungen der Ajatarša, Wattiti und Šuššumaniga",2026-07-20,http://web.archive.org/web/20250514171511/https://www.hethport.uni-wuerzburg.de/CTH/index.php
391,Ritual der Ambazzi,2026-07-20,http://web.archive.org/web/20250514171511/https://www.hethport.uni-wuerzburg.de/CTH/index.php
393,Ritual der Anniwijanni für die DKAL-Gottheiten,2026-07-20,http://web.archive.org/web/20250514171511/https://www.hethport.uni-wuerzburg.de/CTH/index.php
394,Ritual des Ašḫella aus Ḫapalla gegen Seuche im Heer,2026-07-20,http://web.archive.org/web/20250514171511/https://www.hethport.uni-wuerzburg.de/CTH/index.php
395,Ritual der Ḫantitaššu aus Ḫurma,2026-07-20,http://web.archive.org/web/20250514171511/https://www.hethport.uni-wuerzburg.de/CTH/index.php
396,Ritual der Ḫatija aus Kanzapida gegen die dämonische Wišurijant,2026-07-20,http://web.archive.org/web/20250514171511/https://www.hethport.uni-wuerzburg.de/CTH/index.php
397,Ritual der Ḫebatarakki aus Zuḫaruwa,2026-07-20,http://web.archive.org/web/20250514171511/https://www.hethport.uni-wuerzburg.de/CTH/index.php
398,Ritual des Auguren Ḫuwarlu,2026-07-20,http://web.archive.org/web/20250514171511/https://www.hethport.uni-wuerzburg.de/CTH/index.php
399,Ritual des Jarri aus Lallupija gegen Verunreinigungen,2026-07-20,http://web.archive.org/web/20250514171511/https://www.hethport.uni-wuerzburg.de/CTH/index.php
400,Ritual des Irija für die Reinigung einer Stadt,2026-07-20,http://web.archive.org/web/20250514171511/https://www.hethport.uni-wuerzburg.de/CTH/index.php
401,Reinigungsrituale,2026-07-20,http://web.archive.org/web/20250514171511/https://www.hethport.uni-wuerzburg.de/CTH/index.php
402,Ritual der Alli aus Arzawa,2026-07-20,http://web.archive.org/web/20250514171511/https://www.hethport.uni-wuerzburg.de/CTH/index.php
403,Rituale der Mallidunna aus Durmitta,2026-07-20,http://web.archive.org/web/20250514171511/https://www.hethport.uni-wuerzburg.de/CTH/index.php
404,Rituale der Maštigga aus Kizzuwatna,2026-07-20,http://web.archive.org/web/20250514171511/https://www.hethport.uni-wuerzburg.de/CTH/index.php
406,Ritual der Paškuwatti aus Arzawa gegen Effemination,2026-07-20,http://web.archive.org/web/20250514171511/https://www.hethport.uni-wuerzburg.de/CTH/index.php
407,Ritual des Puliša gegen eingeschleppte Seuchen,2026-07-20,http://web.archive.org/web/20250514171511/https://www.hethport.uni-wuerzburg.de/CTH/index.php
408,Ritual der Pupuwanni gegen Behexung,2026-07-20,http://web.archive.org/web/20250514171511/https://www.hethport.uni-wuerzburg.de/CTH/index.php
409,Rituale der Tunnawija,2026-07-20,http://web.archive.org/web/20250514171511/https://www.hethport.uni-wuerzburg.de/CTH/index.php
410,Ritual des Uḫḫamuwa aus Arzawa gegen Seuche,2026-07-20,http://web.archive.org/web/20250514171511/https://www.hethport.uni-wuerzburg.de/CTH/index.php
411,Ritual der Uruwanda gegen Auswirkungen von Verleumdungen,2026-07-20,http://web.archive.org/web/20250514171511/https://www.hethport.uni-wuerzburg.de/CTH/index.php
412,Ritual und Mythos der Zuwi,2026-07-20,http://web.archive.org/web/20250514171511/https://www.hethport.uni-wuerzburg.de/CTH/index.php
413,Bauritual zur Grundsteinlegung neuer Tempel oder Häuser,2026-07-20,http://web.archive.org/web/20250514171511/https://www.hethport.uni-wuerzburg.de/CTH/index.php
414,Palastbauritual,2026-07-20,http://web.archive.org/web/20250514171511/https://www.hethport.uni-wuerzburg.de/CTH/index.php
415,Tempelbauritual,2026-07-20,http://web.archive.org/web/20250514171511/https://www.hethport.uni-wuerzburg.de/CTH/index.php
416,Vier althethitische Rituale für das Königspaar,2026-07-20,http://web.archive.org/web/20250514171511/https://www.hethport.uni-wuerzburg.de/CTH/index.php
417,Rituale gegen Feinde des Königs,2026-07-20,http://web.archive.org/web/20250514171511/https://www.hethport.uni-wuerzburg.de/CTH/index.php
418,Ritual gegen einen dem Königspaar feindlich gesinnten Fremden,2026-07-20,http://web.archive.org/web/20250514171511/https://www.hethport.uni-wuerzburg.de/CTH/index.php
419,Ersatzrituale für den König,2026-07-20,http://web.archive.org/web/20250514171511/https://www.hethport.uni-wuerzburg.de/CTH/index.php
420,Fragmente der Ersatzrituale,2026-07-20,http://web.archive.org/web/20250514171511/https://www.hethport.uni-wuerzburg.de/CTH/index.php
421,Großes Ersatzritual,2026-07-20,http://web.archive.org/web/20250514171511/https://www.hethport.uni-wuerzburg.de/CTH/index.php
422,Beschwörungsritual an der Feindesgrenze,2026-07-20,http://web.archive.org/web/20250514171511/https://www.hethport.uni-wuerzburg.de/CTH/index.php
423,Evokationsritual für Götter einer feindlichen Stadt,2026-07-20,http://web.archive.org/web/20250514171511/https://www.hethport.uni-wuerzburg.de/CTH/index.php
424,Rituale gegen Seuchen,2026-07-20,http://web.archive.org/web/20250514171511/https://www.hethport.uni-wuerzburg.de/CTH/index.php
425,Rituale gegen Seuche im Heer,2026-07-20,http://web.archive.org/web/20250514171511/https://www.hethport.uni-wuerzburg.de/CTH/index.php
426,Rituale für ein in der Schlacht besiegtes Heer,2026-07-20,http://web.archive.org/web/20250514171511/https://www.hethport.uni-wuerzburg.de/CTH/index.php
427,Militärische Eide,2026-07-20,http://web.archive.org/web/20250514171511/https://www.hethport.uni-wuerzburg.de/CTH/index.php
428,Fragmente militärischer Eide,2026-07-20,http://web.archive.org/web/20250514171511/https://www.hethport.uni-wuerzburg.de/CTH/index.php
429,Ritual der Ambazzi gegen Verleumdungen,2026-07-20,http://web.archive.org/web/20250514171511/https://www.hethport.uni-wuerzburg.de/CTH/index.php
430,Geburtsrituale,2026-07-20,http://web.archive.org/web/20250514171511/https://www.hethport.uni-wuerzburg.de/CTH/index.php
431,Ritual der Bappi,2026-07-20,http://web.archive.org/web/20250514171511/https://www.hethport.uni-wuerzburg.de/CTH/index.php
432,Ritual gegen Depression,2026-07-20,http://web.archive.org/web/20250514171511/https://www.hethport.uni-wuerzburg.de/CTH/index.php
433,Rituale für Schutzgott der Jagdtasche (DKAL KUŠkuršaš),2026-07-20,http://web.archive.org/web/20250514171511/https://www.hethport.uni-wuerzburg.de/CTH/index.php
434,"Rituale für Schicksalsgöttinnen (DINGIR.MAḪ, Gulšeš)",2026-07-20,http://web.archive.org/web/20250514171511/https://www.hethport.uni-wuerzburg.de/CTH/index.php
435,Rituale und Anrufungen der Sonnengottheit,2026-07-20,http://web.archive.org/web/20250514171511/https://www.hethport.uni-wuerzburg.de/CTH/index.php
436,Ritual des Meeres,2026-07-20,http://web.archive.org/web/20250514171511/https://www.hethport.uni-wuerzburg.de/CTH/index.php
437,Ritual mit Nennung des Gottes Agni,2026-07-20,http://web.archive.org/web/20250514171511/https://www.hethport.uni-wuerzburg.de/CTH/index.php
438,Ratschläge für einen König,2026-07-20,http://web.archive.org/web/20250514171511/https://www.hethport.uni-wuerzburg.de/CTH/index.php
439,Ritual für Anzili und Zukki,2026-07-20,http://web.archive.org/web/20250514171511/https://www.hethport.uni-wuerzburg.de/CTH/index.php
440,Ritual für Ḫamrišḫara,2026-07-20,http://web.archive.org/web/20250514171511/https://www.hethport.uni-wuerzburg.de/CTH/index.php
441,Ritual zur Versöhnung eines Kindes mit der Mutter?,2026-07-20,http://web.archive.org/web/20250514171511/https://www.hethport.uni-wuerzburg.de/CTH/index.php
442,Ritual für die Plejaden (DIMIN.IMIN.BI),2026-07-20,http://web.archive.org/web/20250514171511/https://www.hethport.uni-wuerzburg.de/CTH/index.php
443,"Zwei Rituale zur Besänftigung von Sonnen- und Wettergott mit Erwähnung Ziplantiwijas, Tutḫalijas und Nikkalmatis",2026-07-20,http://web.archive.org/web/20250514171511/https://www.hethport.uni-wuerzburg.de/CTH/index.php
444,Reinigungsritual,2026-07-20,http://web.archive.org/web/20250514171511/https://www.hethport.uni-wuerzburg.de/CTH/index.php
445,Ritual zur Entsühnung von Inzest,2026-07-20,http://web.archive.org/web/20250514171511/https://www.hethport.uni-wuerzburg.de/CTH/index.php
446,Hausreinigungsritual und Beschwörung der unterirdischen Gottheiten,2026-07-20,http://web.archive.org/web/20250514171511/https://www.hethport.uni-wuerzburg.de/CTH/index.php
447,Ritual gegen eine unheilbringende Biene,2026-07-20,http://web.archive.org/web/20250514171511/https://www.hethport.uni-wuerzburg.de/CTH/index.php
448,Rituale für die Sonnengöttin der Erde,2026-07-20,http://web.archive.org/web/20250514171511/https://www.hethport.uni-wuerzburg.de/CTH/index.php
449,Rituale mit Erwähnung der unterirdischen Gottheiten,2026-07-20,http://web.archive.org/web/20250514171511/https://www.hethport.uni-wuerzburg.de/CTH/index.php
450,Totenrituale (šalliš waštaiš),2026-07-20,http://web.archive.org/web/20250514171511/https://www.hethport.uni-wuerzburg.de/CTH/index.php
451,Zwei Totenrituale mit Überführung der Gebeine,2026-07-20,http://web.archive.org/web/20250514171511/https://www.hethport.uni-wuerzburg.de/CTH/index.php
452,Fragmente von Ersatzritualen,2026-07-20,http://web.archive.org/web/20250514171511/https://www.hethport.uni-wuerzburg.de/CTH/index.php
453,Fragmente von Abwehrritualen,2026-07-20,http://web.archive.org/web/20250514171511/https://www.hethport.uni-wuerzburg.de/CTH/index.php
455,Menschenopfer im Ritual,2026-07-20,http://web.archive.org/web/20250514171511/https://www.hethport.uni-wuerzburg.de/CTH/index.php
456,Fragmente von Reinigungsritualen,2026-07-20,http://web.archive.org/web/20250514171511/https://www.hethport.uni-wuerzburg.de/CTH/index.php
457,Fragmente von Beschwörungen und Mythen,2026-07-20,http://web.archive.org/web/20250514171511/https://www.hethport.uni-wuerzburg.de/CTH/index.php
458,Fragmente von Beschwörungsritualen,2026-07-20,http://web.archive.org/web/20250514171511/https://www.hethport.uni-wuerzburg.de/CTH/index.php
459,mugawar-Fragmente,2026-07-20,http://web.archive.org/web/20250514171511/https://www.hethport.uni-wuerzburg.de/CTH/index.php
460,Fragmente mit Auflistungen magischer Substanzen,2026-07-20,http://web.archive.org/web/20250514171511/https://www.hethport.uni-wuerzburg.de/CTH/index.php
461,Medizinische Texte,2026-07-20,http://web.archive.org/web/20250514171511/https://www.hethport.uni-wuerzburg.de/CTH/index.php
463,Ritual der Ambazzi gegen schlechte Vorzeichen,2026-07-20,http://web.archive.org/web/20250514171511/https://www.hethport.uni-wuerzburg.de/CTH/index.php
470,Ritualfragmente,2026-07-20,http://web.archive.org/web/20250514171511/https://www.hethport.uni-wuerzburg.de/CTH/index.php
471,Ritual des Ammiḫatna aus Kizzuwatna gegen Unreinheit,2026-07-20,http://web.archive.org/web/20250514171511/https://www.hethport.uni-wuerzburg.de/CTH/index.php
472,"Ritual von Ammiḫatna, Tulbi und Mati gegen Unreinheit",2026-07-20,http://web.archive.org/web/20250514171511/https://www.hethport.uni-wuerzburg.de/CTH/index.php
473,"Ritualfragmente von Ammiḫatna, Tulpi und Mati",2026-07-20,http://web.archive.org/web/20250514171511/https://www.hethport.uni-wuerzburg.de/CTH/index.php
474,Ritual der Kuwanni,2026-07-20,http://web.archive.org/web/20250514171511/https://www.hethport.uni-wuerzburg.de/CTH/index.php
475,"Ritual des Pillija, König von Kizzuwatna",2026-07-20,http://web.archive.org/web/20250514171511/https://www.hethport.uni-wuerzburg.de/CTH/index.php
476,Geburtsritual des Papanegri,2026-07-20,http://web.archive.org/web/20250514171511/https://www.hethport.uni-wuerzburg.de/CTH/index.php
477,Geburtsritual,2026-07-20,http://web.archive.org/web/20250514171511/https://www.hethport.uni-wuerzburg.de/CTH/index.php
479,Ritual von Kizzuwatna,2026-07-20,http://web.archive.org/web/20250514171511/https://www.hethport.uni-wuerzburg.de/CTH/index.php
480,Ritual von Šamuḫa,2026-07-20,http://web.archive.org/web/20250514171511/https://www.hethport.uni-wuerzburg.de/CTH/index.php
481,Erweiterung des Kultes der Göttin der Nacht,2026-07-20,http://web.archive.org/web/20250514171511/https://www.hethport.uni-wuerzburg.de/CTH/index.php
482,Reform des Kultes der Göttin der Nacht von Šamuḫa durch Muršili II.,2026-07-20,http://web.archive.org/web/20250514171511/https://www.hethport.uni-wuerzburg.de/CTH/index.php
483,Evokationsrituale,2026-07-20,http://web.archive.org/web/20250514171511/https://www.hethport.uni-wuerzburg.de/CTH/index.php
484,Evokationsrituale für DINGIR.MAḪ und Gulšeš,2026-07-20,http://web.archive.org/web/20250514171511/https://www.hethport.uni-wuerzburg.de/CTH/index.php
485,"Evokationsrituale für Teššup, Ḫepat und Šarruma",2026-07-20,http://web.archive.org/web/20250514171511/https://www.hethport.uni-wuerzburg.de/CTH/index.php
486,Muršilis Sprachlähmung,2026-07-20,http://web.archive.org/web/20250514171511/https://www.hethport.uni-wuerzburg.de/CTH/index.php
487,Rituale mit Nennung der Išḫara,2026-07-20,http://web.archive.org/web/20250514171511/https://www.hethport.uni-wuerzburg.de/CTH/index.php
488,Rituale mit Nennung der Ḫamrišḫara,2026-07-20,http://web.archive.org/web/20250514171511/https://www.hethport.uni-wuerzburg.de/CTH/index.php
489,Ritual „Wenn eine Frau empfängt“,2026-07-20,http://web.archive.org/web/20250514171511/https://www.hethport.uni-wuerzburg.de/CTH/index.php
490,"Ritual der Aštu, der Hurriterin",2026-07-20,http://web.archive.org/web/20250514171511/https://www.hethport.uni-wuerzburg.de/CTH/index.php
491,Reinigungsrituale,2026-07-20,http://web.archive.org/web/20250514171511/https://www.hethport.uni-wuerzburg.de/CTH/index.php
492,Ritual „Wenn sich ein Mensch an einem unbesiedelten Ort niederlässt“,2026-07-20,http://web.archive.org/web/20250514171511/https://www.hethport.uni-wuerzburg.de/CTH/index.php
493,Vereidigungsritual,2026-07-20,http://web.archive.org/web/20250514171511/https://www.hethport.uni-wuerzburg.de/CTH/index.php
494,Ritual der Königin und ihrer Söhne für die Göttin NIN.GAL,2026-07-20,http://web.archive.org/web/20250514171511/https://www.hethport.uni-wuerzburg.de/CTH/index.php
495,Reinigungsrituale,2026-07-20,http://web.archive.org/web/20250514171511/https://www.hethport.uni-wuerzburg.de/CTH/index.php
496,Ritual des Walkui,2026-07-20,http://web.archive.org/web/20250514171511/https://www.hethport.uni-wuerzburg.de/CTH/index.php
500,Fragmente von Fest- und Beschwörungsritualen aus Kizzuwatna,2026-07-20,http://web.archive.org/web/20250514171511/https://www.hethport.uni-wuerzburg.de/CTH/index.php
523,Versorgungen (melqētu) für lokale Festlichkeiten,2026-07-20,http://web.archive.org/web/20250514171511/https://www.hethport.uni-wuerzburg.de/CTH/index.php
526,Kultinventare mit Kultbild- und Festbeschreibungen,2026-07-20,http://web.archive.org/web/20250514171511/https://www.hethport.uni-wuerzburg.de/CTH/index.php
527,Kultinventare mit Kultbildbeschreibungen,2026-07-20,http://web.archive.org/web/20250514171511/https://www.hethport.uni-wuerzburg.de/CTH/index.php
528,Kultinventare mit Festbeschreibungen,2026-07-20,http://web.archive.org/web/20250514171511/https://www.hethport.uni-wuerzburg.de/CTH/index.php
529,Kultinventare ohne Kultbild- oder Festbeschreibungen,2026-07-20,http://web.archive.org/web/20250514171511/https://www.hethport.uni-wuerzburg.de/CTH/index.php
530,Fragmente von Kultinventaren ohne Kultbild- oder Festbeschreibungen,2026-07-20,http://web.archive.org/web/20250514171511/https://www.hethport.uni-wuerzburg.de/CTH/index.php
531,Hethitische Einleitung zu Enūma Anu Enlil,2026-07-20,http://web.archive.org/web/20250514171511/https://www.hethport.uni-wuerzburg.de/CTH/index.php
532,"Mondfinsternis (.I Akkadisch, .II Hethitisch)",2026-07-20,http://web.archive.org/web/20250514171511/https://www.hethport.uni-wuerzburg.de/CTH/index.php
533,Mondomina,2026-07-20,http://web.archive.org/web/20250514171511/https://www.hethport.uni-wuerzburg.de/CTH/index.php
534,"Sonnenomina (.I Akkadisch, .II Hethitisch)",2026-07-20,http://web.archive.org/web/20250514171511/https://www.hethport.uni-wuerzburg.de/CTH/index.php
535,Sternomina,2026-07-20,http://web.archive.org/web/20250514171511/https://www.hethport.uni-wuerzburg.de/CTH/index.php
536,Terrestrische Omina (Serie Šumma ālu),2026-07-20,http://web.archive.org/web/20250514171511/https://www.hethport.uni-wuerzburg.de/CTH/index.php
537,"Medizinische Omina (.I Akkadisch, .II Hethitisch)",2026-07-20,http://web.archive.org/web/20250514171511/https://www.hethport.uni-wuerzburg.de/CTH/index.php
538,"Geburtsomina (šumma izbu) (.I Akkadisch, .II Hethitisch)",2026-07-20,http://web.archive.org/web/20250514171511/https://www.hethport.uni-wuerzburg.de/CTH/index.php
540,"Serie „Wenn eine Frau gebiert“ (.I Akkadisch, .II Hethitisch)",2026-07-20,http://web.archive.org/web/20250514171511/https://www.hethport.uni-wuerzburg.de/CTH/index.php
541,Erdbebenomina,2026-07-20,http://web.archive.org/web/20250514171511/https://www.hethport.uni-wuerzburg.de/CTH/index.php
542,Ölomina,2026-07-20,http://web.archive.org/web/20250514171511/https://www.hethport.uni-wuerzburg.de/CTH/index.php
543,Physiognomische Omina,2026-07-20,http://web.archive.org/web/20250514171511/https://www.hethport.uni-wuerzburg.de/CTH/index.php
544,Tieromina,2026-07-20,http://web.archive.org/web/20250514171511/https://www.hethport.uni-wuerzburg.de/CTH/index.php
545,"Geburtsomina (I. Akkadisch, .II Hethitisch)",2026-07-20,http://web.archive.org/web/20250514171511/https://www.hethport.uni-wuerzburg.de/CTH/index.php
546,Hemerologien,2026-07-20,http://web.archive.org/web/20250514171511/https://www.hethport.uni-wuerzburg.de/CTH/index.php
547,"Lebermodelle (.I Akkadisch, .II Akkadisch und Hethitisch)",2026-07-20,http://web.archive.org/web/20250514171511/https://www.hethport.uni-wuerzburg.de/CTH/index.php
548,"Gallenomina (ZÉ, martu)",2026-07-20,http://web.archive.org/web/20250514171511/https://www.hethport.uni-wuerzburg.de/CTH/index.php
549,"Leberomina: „Standort“ (KI.GUB) (.a Akkadisch, .b Akkadisch-Hethitisch, .c Hethitisch)",2026-07-20,http://web.archive.org/web/20250514171511/https://www.hethport.uni-wuerzburg.de/CTH/index.php
550,Leberomina: „Joch“ (nīru),2026-07-20,http://web.archive.org/web/20250514171511/https://www.hethport.uni-wuerzburg.de/CTH/index.php
551,Eingeweideomina: Darmwindungen (tīrānu),2026-07-20,http://web.archive.org/web/20250514171511/https://www.hethport.uni-wuerzburg.de/CTH/index.php
552,Nierenomina (kallītu),2026-07-20,http://web.archive.org/web/20250514171511/https://www.hethport.uni-wuerzburg.de/CTH/index.php
553,Leberomina: „Wohlbefinden“ (šulmu),2026-07-20,http://web.archive.org/web/20250514171511/https://www.hethport.uni-wuerzburg.de/CTH/index.php
555,Leberomina: „Palasttor“ (bāb ekalli),2026-07-20,http://web.archive.org/web/20250514171511/https://www.hethport.uni-wuerzburg.de/CTH/index.php
556,Fragmente akkadischer Leberomina,2026-07-20,http://web.archive.org/web/20250514171511/https://www.hethport.uni-wuerzburg.de/CTH/index.php
557,Hethitische Anweisung zur Vogelschau,2026-07-20,http://web.archive.org/web/20250514171511/https://www.hethport.uni-wuerzburg.de/CTH/index.php
558,Traumomina,2026-07-20,http://web.archive.org/web/20250514171511/https://www.hethport.uni-wuerzburg.de/CTH/index.php
560,"Fragmente hethitischer und akkadischer Omina (.I Akkadisch, .II Hethitisch)",2026-07-20,http://web.archive.org/web/20250514171511/https://www.hethport.uni-wuerzburg.de/CTH/index.php
561,Orakel zu Feldzügen des Königs im Kaškäergebiet,2026-07-20,http://web.archive.org/web/20250514171511/https://www.hethport.uni-wuerzburg.de/CTH/index.php
562,Orakelitinerare im Kaškäergebiet,2026-07-20,http://web.archive.org/web/20250514171511/https://www.hethport.uni-wuerzburg.de/CTH/index.php
563,Orakel zur Überwinterung des Königs,2026-07-20,http://web.archive.org/web/20250514171511/https://www.hethport.uni-wuerzburg.de/CTH/index.php
564,Orakel zu Festen für den Gott von Aleppo,2026-07-20,http://web.archive.org/web/20250514171511/https://www.hethport.uni-wuerzburg.de/CTH/index.php
565,Orakel zum Kult der Gottheit Pirwa,2026-07-20,http://web.archive.org/web/20250514171511/https://www.hethport.uni-wuerzburg.de/CTH/index.php
566,Orakel zum Kult der Gottheit von Arušna,2026-07-20,http://web.archive.org/web/20250514171511/https://www.hethport.uni-wuerzburg.de/CTH/index.php
567,Orakel zum Kult der Ištar von Ninive,2026-07-20,http://web.archive.org/web/20250514171511/https://www.hethport.uni-wuerzburg.de/CTH/index.php
568,Orakel zum Feiern verschiedener Feste,2026-07-20,http://web.archive.org/web/20250514171511/https://www.hethport.uni-wuerzburg.de/CTH/index.php
569,Orakel zu Arma-Tarḫunta und Šaušgatti,2026-07-20,http://web.archive.org/web/20250514171511/https://www.hethport.uni-wuerzburg.de/CTH/index.php
570,Leberorakel (SU),2026-07-20,http://web.archive.org/web/20250514171511/https://www.hethport.uni-wuerzburg.de/CTH/index.php
571,Leberorakel (SU) mit unabgekürzten Termini,2026-07-20,http://web.archive.org/web/20250514171511/https://www.hethport.uni-wuerzburg.de/CTH/index.php
572,Losorakel (KIN),2026-07-20,http://web.archive.org/web/20250514171511/https://www.hethport.uni-wuerzburg.de/CTH/index.php
573,Vogelorakel (MUŠEN),2026-07-20,http://web.archive.org/web/20250514171511/https://www.hethport.uni-wuerzburg.de/CTH/index.php
574,MUŠEN ḪURRI-Orakel,2026-07-20,http://web.archive.org/web/20250514171511/https://www.hethport.uni-wuerzburg.de/CTH/index.php
575,Schlangenorakel,2026-07-20,http://web.archive.org/web/20250514171511/https://www.hethport.uni-wuerzburg.de/CTH/index.php
576,Lagerorakel (šumma immeru),2026-07-20,http://web.archive.org/web/20250514171511/https://www.hethport.uni-wuerzburg.de/CTH/index.php
577,"Kombinierte Orakel I: SU, KIN und MUŠEN",2026-07-20,http://web.archive.org/web/20250514171511/https://www.hethport.uni-wuerzburg.de/CTH/index.php
578,Kombinierte Orakel II: SU und KIN,2026-07-20,http://web.archive.org/web/20250514171511/https://www.hethport.uni-wuerzburg.de/CTH/index.php
579,Kombinierte Orakel III: SU und MUŠEN,2026-07-20,http://web.archive.org/web/20250514171511/https://www.hethport.uni-wuerzburg.de/CTH/index.php
580,Kombinierte Orakel IV: KIN und MUŠEN,2026-07-20,http://web.archive.org/web/20250514171511/https://www.hethport.uni-wuerzburg.de/CTH/index.php
581,Orakelbriefe,2026-07-20,http://web.archive.org/web/20250514171511/https://www.hethport.uni-wuerzburg.de/CTH/index.php
582,Orakelfragmente,2026-07-20,http://web.archive.org/web/20250514171511/https://www.hethport.uni-wuerzburg.de/CTH/index.php
583,Träume des Königs,2026-07-20,http://web.archive.org/web/20250514171511/https://www.hethport.uni-wuerzburg.de/CTH/index.php
584,Träume der Königin,2026-07-20,http://web.archive.org/web/20250514171511/https://www.hethport.uni-wuerzburg.de/CTH/index.php
585,Gelübde der Puduḫepa,2026-07-20,http://web.archive.org/web/20250514171511/https://www.hethport.uni-wuerzburg.de/CTH/index.php
586,Stiftung von Feld und Personal,2026-07-20,http://web.archive.org/web/20250514171511/https://www.hethport.uni-wuerzburg.de/CTH/index.php
590,Fragmente der Traum- und Gelübdetexte,2026-07-20,http://web.archive.org/web/20250514171511/https://www.hethport.uni-wuerzburg.de/CTH/index.php
591,Das Monatsfest,2026-07-20,http://web.archive.org/web/20250514171511/https://www.hethport.uni-wuerzburg.de/CTH/index.php
592,Frühlings- und Herbstfest in Zippalanda,2026-07-20,http://web.archive.org/web/20250514171511/https://www.hethport.uni-wuerzburg.de/CTH/index.php
593,Frühlingsfest auf dem Berg Tapala,2026-07-20,http://web.archive.org/web/20250514171511/https://www.hethport.uni-wuerzburg.de/CTH/index.php
594,Frühlingsfest in Tippuwa,2026-07-20,http://web.archive.org/web/20250514171511/https://www.hethport.uni-wuerzburg.de/CTH/index.php
595,Fragmente der Frühlingsfeste,2026-07-20,http://web.archive.org/web/20250514171511/https://www.hethport.uni-wuerzburg.de/CTH/index.php
596,Fragmente der Herbstfeste,2026-07-20,http://web.archive.org/web/20250514171511/https://www.hethport.uni-wuerzburg.de/CTH/index.php
597,Winterfest,2026-07-20,http://web.archive.org/web/20250514171511/https://www.hethport.uni-wuerzburg.de/CTH/index.php
598,Winterfest für die Sonnengöttin von Arinna,2026-07-20,http://web.archive.org/web/20250514171511/https://www.hethport.uni-wuerzburg.de/CTH/index.php
599,Winterreise der heiligen Jagdtasche,2026-07-20,http://web.archive.org/web/20250514171511/https://www.hethport.uni-wuerzburg.de/CTH/index.php
600,Neujahrfest,2026-07-20,http://web.archive.org/web/20250514171511/https://www.hethport.uni-wuerzburg.de/CTH/index.php
604,"AN.DAḪ.ŠUMSAR, Übersichtstafeln",2026-07-20,http://web.archive.org/web/20250514171511/https://www.hethport.uni-wuerzburg.de/CTH/index.php
605,"AN.DAḪ.ŠUMSAR, 1. Tag",2026-07-20,http://web.archive.org/web/20250514171511/https://www.hethport.uni-wuerzburg.de/CTH/index.php
606,"AN.DAḪ.ŠUMSAR, 2. Tag",2026-07-20,http://web.archive.org/web/20250514171511/https://www.hethport.uni-wuerzburg.de/CTH/index.php
608,"AN.DAḪ.ŠUMSAR, 7.–8. Tag",2026-07-20,http://web.archive.org/web/20250514171511/https://www.hethport.uni-wuerzburg.de/CTH/index.php
609,"AN.DAḪ.ŠUMSAR, 11. Tag",2026-07-20,http://web.archive.org/web/20250514171511/https://www.hethport.uni-wuerzburg.de/CTH/index.php
610,"AN.DAḪ.ŠUMSAR, 12.–13. Tag: Tempel des Ziparwa",2026-07-20,http://web.archive.org/web/20250514171511/https://www.hethport.uni-wuerzburg.de/CTH/index.php
611,"AN.DAḪ.ŠUMSAR, 14.–15. Tag: für die Sonnengöttin der Erde",2026-07-20,http://web.archive.org/web/20250514171511/https://www.hethport.uni-wuerzburg.de/CTH/index.php
612,"AN.DAḪ.ŠUMSAR, 16. Tag: Tempel des Zababa",2026-07-20,http://web.archive.org/web/20250514171511/https://www.hethport.uni-wuerzburg.de/CTH/index.php
613,"AN.DAḪ.ŠUMSAR, 18.–19. Tag: für den Wettergott des Blitzes",2026-07-20,http://web.archive.org/web/20250514171511/https://www.hethport.uni-wuerzburg.de/CTH/index.php
614,"AN.DAḪ.ŠUMSAR, 21.? Tag: für die Erdgottheit IB/URAŠ",2026-07-20,http://web.archive.org/web/20250514171511/https://www.hethport.uni-wuerzburg.de/CTH/index.php
615,"AN.DAḪ.ŠUMSAR, 22.–25. Tag: für die Ištar von Ḫattarina",2026-07-20,http://web.archive.org/web/20250514171511/https://www.hethport.uni-wuerzburg.de/CTH/index.php
616,"AN.DAḪ.ŠUMSAR, 29. Tag: für Ea und seinen Kreis",2026-07-20,http://web.archive.org/web/20250514171511/https://www.hethport.uni-wuerzburg.de/CTH/index.php
617,"AN.DAḪ.ŠUMSAR, 32. Tag: für die Schutzgottheit von Tauriša",2026-07-20,http://web.archive.org/web/20250514171511/https://www.hethport.uni-wuerzburg.de/CTH/index.php
618,"AN.DAḪ.ŠUMSAR, 33.–34. Tag: am Berge Piškurunuwa",2026-07-20,http://web.archive.org/web/20250514171511/https://www.hethport.uni-wuerzburg.de/CTH/index.php
619,"AN.DAḪ.ŠUMSAR, 38. Tag: Regenfest",2026-07-20,http://web.archive.org/web/20250514171511/https://www.hethport.uni-wuerzburg.de/CTH/index.php
620,AN.DAḪ.ŠUMSAR in Ankuwa für die Göttin Kataḫḫa,2026-07-20,http://web.archive.org/web/20250514171511/https://www.hethport.uni-wuerzburg.de/CTH/index.php
625,Fragmente des AN.DAḪ.ŠUMSAR-Festes,2026-07-20,http://web.archive.org/web/20250514171511/https://www.hethport.uni-wuerzburg.de/CTH/index.php
626,Fest der Eile (EZEN₄ nuntarrijašḫaš),2026-07-20,http://web.archive.org/web/20250514171511/https://www.hethport.uni-wuerzburg.de/CTH/index.php
627,KI.LAM-Fest,2026-07-20,http://web.archive.org/web/20250514171511/https://www.hethport.uni-wuerzburg.de/CTH/index.php
628,(ḫ)išuwa-Fest,2026-07-20,http://web.archive.org/web/20250514171511/https://www.hethport.uni-wuerzburg.de/CTH/index.php
629,Beständiges Fest (EZEN₄ SAG.UŠ),2026-07-20,http://web.archive.org/web/20250514171511/https://www.hethport.uni-wuerzburg.de/CTH/index.php
630,Mond- und Donnerfest,2026-07-20,http://web.archive.org/web/20250514171511/https://www.hethport.uni-wuerzburg.de/CTH/index.php
631,Gewitterritual,2026-07-20,http://web.archive.org/web/20250514171511/https://www.hethport.uni-wuerzburg.de/CTH/index.php
632,Fest der Ahnen,2026-07-20,http://web.archive.org/web/20250514171511/https://www.hethport.uni-wuerzburg.de/CTH/index.php
633,Fest der Investitur zum Thronfolger (EZEN₄ ḫaššumaš),2026-07-20,http://web.archive.org/web/20250514171511/https://www.hethport.uni-wuerzburg.de/CTH/index.php
634,Großes Fest von Arinna,2026-07-20,http://web.archive.org/web/20250514171511/https://www.hethport.uni-wuerzburg.de/CTH/index.php
635,Fragmente der Feste von Zippalanda und dem Berg Daḫa,2026-07-20,http://web.archive.org/web/20250514171511/https://www.hethport.uni-wuerzburg.de/CTH/index.php
636,Fest von Šarišša,2026-07-20,http://web.archive.org/web/20250514171511/https://www.hethport.uni-wuerzburg.de/CTH/index.php
637,Festritual für den Gott von Ḫiššašḫapa,2026-07-20,http://web.archive.org/web/20250514171511/https://www.hethport.uni-wuerzburg.de/CTH/index.php
638,Feste für Telipinu,2026-07-20,http://web.archive.org/web/20250514171511/https://www.hethport.uni-wuerzburg.de/CTH/index.php
639,Fragmente des Festes für Titiwatti,2026-07-20,http://web.archive.org/web/20250514171511/https://www.hethport.uni-wuerzburg.de/CTH/index.php
640,Festfragmente für luwische Gottheiten,2026-07-20,http://web.archive.org/web/20250514171511/https://www.hethport.uni-wuerzburg.de/CTH/index.php
641,Kult der Išḫara,2026-07-20,http://web.archive.org/web/20250514171511/https://www.hethport.uni-wuerzburg.de/CTH/index.php
642,Fragmente mit Nennung des Vegetationsgottes Zinkuruwa,2026-07-20,http://web.archive.org/web/20250514171511/https://www.hethport.uni-wuerzburg.de/CTH/index.php
643,Fragmente mit Nennung des Gottes Ziparwa,2026-07-20,http://web.archive.org/web/20250514171511/https://www.hethport.uni-wuerzburg.de/CTH/index.php
644,Fest- oder Ritualfragmente mit Nennung des Pirinkir,2026-07-20,http://web.archive.org/web/20250514171511/https://www.hethport.uni-wuerzburg.de/CTH/index.php
645,Fragmente der Feste für die unterirdischen Gottheiten,2026-07-20,http://web.archive.org/web/20250514171511/https://www.hethport.uni-wuerzburg.de/CTH/index.php
646,Fragmente der von der Königin gefeierten Feste,2026-07-20,http://web.archive.org/web/20250514171511/https://www.hethport.uni-wuerzburg.de/CTH/index.php
647,Vom Prinzen gefeierte Feste (DUMU.LUGAL bzw. DUMU-aš),2026-07-20,http://web.archive.org/web/20250514171511/https://www.hethport.uni-wuerzburg.de/CTH/index.php
648,Festfragmente mit Wettkampfszenen,2026-07-20,http://web.archive.org/web/20250514171511/https://www.hethport.uni-wuerzburg.de/CTH/index.php
649,Festfragmente mit Nennung der NIN.DINGIR-Priesterin,2026-07-20,http://web.archive.org/web/20250514171511/https://www.hethport.uni-wuerzburg.de/CTH/index.php
650,Festfragmente mit Nennung von zintuḫi-Frauen,2026-07-20,http://web.archive.org/web/20250514171511/https://www.hethport.uni-wuerzburg.de/CTH/index.php
651,Festfragmente mit Nennung von ḫazgarai-Frauen,2026-07-20,http://web.archive.org/web/20250514171511/https://www.hethport.uni-wuerzburg.de/CTH/index.php
652,Festfragmente mit Nennung eines „Mannes des Wettergottes“ (LÚ D10),2026-07-20,http://web.archive.org/web/20250514171511/https://www.hethport.uni-wuerzburg.de/CTH/index.php
653,Festfragmente mit Nennung von „Hundemännern“ (LÚ.MEŠUR.GI₇),2026-07-20,http://web.archive.org/web/20250514171511/https://www.hethport.uni-wuerzburg.de/CTH/index.php
655,Festfragmente mit Nennung des Königs Ḫantili,2026-07-20,http://web.archive.org/web/20250514171511/https://www.hethport.uni-wuerzburg.de/CTH/index.php
656,"Gemischte Feste: Gesänge auf Hattisch, Hurritisch, Kanisisch usw.",2026-07-20,http://web.archive.org/web/20250514171511/https://www.hethport.uni-wuerzburg.de/CTH/index.php
657,Kultreise aus Ḫattuša nach Ankuwa,2026-07-20,http://web.archive.org/web/20250514171511/https://www.hethport.uni-wuerzburg.de/CTH/index.php
658,Kultrestauration?,2026-07-20,http://web.archive.org/web/20250514171511/https://www.hethport.uni-wuerzburg.de/CTH/index.php
659,Fragmente eines Inthronisationsfestes,2026-07-20,http://web.archive.org/web/20250514171511/https://www.hethport.uni-wuerzburg.de/CTH/index.php
660,Opfer für Königsstatuen,2026-07-20,http://web.archive.org/web/20250514171511/https://www.hethport.uni-wuerzburg.de/CTH/index.php
661,Königslisten,2026-07-20,http://web.archive.org/web/20250514171511/https://www.hethport.uni-wuerzburg.de/CTH/index.php
662,Opfergaben von Ortschaften für lokale Kulte,2026-07-20,http://web.archive.org/web/20250514171511/https://www.hethport.uni-wuerzburg.de/CTH/index.php
663,Opfergaben mit Götternamen am Zeilenanfang,2026-07-20,http://web.archive.org/web/20250514171511/https://www.hethport.uni-wuerzburg.de/CTH/index.php
664,Fragmente von Götterlisten (Feste?),2026-07-20,http://web.archive.org/web/20250514171511/https://www.hethport.uni-wuerzburg.de/CTH/index.php
665,Fragmente mit Nennung von ašuša(tal)la-Leuten,2026-07-20,http://web.archive.org/web/20250514171511/https://www.hethport.uni-wuerzburg.de/CTH/index.php
666,Texte zum Kult von Arinna,2026-07-20,http://web.archive.org/web/20250514171511/https://www.hethport.uni-wuerzburg.de/CTH/index.php
667,Texte zum Kult von Zalpuwa,2026-07-20,http://web.archive.org/web/20250514171511/https://www.hethport.uni-wuerzburg.de/CTH/index.php
668,Texte zum Kult von Ḫanḫana,2026-07-20,http://web.archive.org/web/20250514171511/https://www.hethport.uni-wuerzburg.de/CTH/index.php
669,Größere Festritualfragmente,2026-07-20,http://web.archive.org/web/20250514171511/https://www.hethport.uni-wuerzburg.de/CTH/index.php
670,Festritualfragmente,2026-07-20,http://web.archive.org/web/20250514171511/https://www.hethport.uni-wuerzburg.de/CTH/index.php
671,Opfer und Gebet an den Wettergott von Nerik,2026-07-20,http://web.archive.org/web/20250514171511/https://www.hethport.uni-wuerzburg.de/CTH/index.php
672,Der Monatsfest von Nerik,2026-07-20,http://web.archive.org/web/20250514171511/https://www.hethport.uni-wuerzburg.de/CTH/index.php
674,Fragmente des purullija-Festes von Nerik,2026-07-20,http://web.archive.org/web/20250514171511/https://www.hethport.uni-wuerzburg.de/CTH/index.php
675,Fragmente des Festes im ḫešta-Haus,2026-07-20,http://web.archive.org/web/20250514171511/https://www.hethport.uni-wuerzburg.de/CTH/index.php
676,Fragmente eines Reinigungsrituals in Nerik,2026-07-20,http://web.archive.org/web/20250514171511/https://www.hethport.uni-wuerzburg.de/CTH/index.php
677,Rationenlisten (tarnatt-),2026-07-20,http://web.archive.org/web/20250514171511/https://www.hethport.uni-wuerzburg.de/CTH/index.php
678,Festritualfragmente des Kultes von Nerik,2026-07-20,http://web.archive.org/web/20250514171511/https://www.hethport.uni-wuerzburg.de/CTH/index.php
679,Fest der Reise nach Nerik,2026-07-20,http://web.archive.org/web/20250514171511/https://www.hethport.uni-wuerzburg.de/CTH/index.php
681,Feste von Karaḫna,2026-07-20,http://web.archive.org/web/20250514171511/https://www.hethport.uni-wuerzburg.de/CTH/index.php
682,Fest für alle Schutzgottheiten,2026-07-20,http://web.archive.org/web/20250514171511/https://www.hethport.uni-wuerzburg.de/CTH/index.php
683,Erneuerung der Jagdtasche der Schutzgottheiten,2026-07-20,http://web.archive.org/web/20250514171511/https://www.hethport.uni-wuerzburg.de/CTH/index.php
684,Fest für die Fluss-Schutzgottheiten,2026-07-20,http://web.archive.org/web/20250514171511/https://www.hethport.uni-wuerzburg.de/CTH/index.php
685,Fragmente von Festritualen für Schutzgottheiten,2026-07-20,http://web.archive.org/web/20250514171511/https://www.hethport.uni-wuerzburg.de/CTH/index.php
690,Liste der Feste für Ḫuwaššanna,2026-07-20,http://web.archive.org/web/20250514171511/https://www.hethport.uni-wuerzburg.de/CTH/index.php
691,witašš(ij)aš-Fest,2026-07-20,http://web.archive.org/web/20250514171511/https://www.hethport.uni-wuerzburg.de/CTH/index.php
692,Fragmente des witašš(ij)aš-Festes,2026-07-20,http://web.archive.org/web/20250514171511/https://www.hethport.uni-wuerzburg.de/CTH/index.php
693,šaḫḫan-Fest,2026-07-20,http://web.archive.org/web/20250514171511/https://www.hethport.uni-wuerzburg.de/CTH/index.php
694,Fragmente der Feste für Ḫuwaššanna,2026-07-20,http://web.archive.org/web/20250514171511/https://www.hethport.uni-wuerzburg.de/CTH/index.php
698,Kulte von Teššup und Ḫebat von Aleppo,2026-07-20,http://web.archive.org/web/20250514171511/https://www.hethport.uni-wuerzburg.de/CTH/index.php
699,Fest für Teššup und Ḫebat von Lawazantija,2026-07-20,http://web.archive.org/web/20250514171511/https://www.hethport.uni-wuerzburg.de/CTH/index.php
700,Inthronisationsritual für Teššup und Ḫebat,2026-07-20,http://web.archive.org/web/20250514171511/https://www.hethport.uni-wuerzburg.de/CTH/index.php
701,Trankopfer für den Thron der Ḫebat,2026-07-20,http://web.archive.org/web/20250514171511/https://www.hethport.uni-wuerzburg.de/CTH/index.php
702,Ritual nach der Renovierung eines Tempels der Ḫepat,2026-07-20,http://web.archive.org/web/20250514171511/https://www.hethport.uni-wuerzburg.de/CTH/index.php
703,"Rituale des Muwalanni, Priesters von Kummanni, für Teššup von Manuzzija",2026-07-20,http://web.archive.org/web/20250514171511/https://www.hethport.uni-wuerzburg.de/CTH/index.php
704,Listen hurritischer Gottheiten in Festritualen,2026-07-20,http://web.archive.org/web/20250514171511/https://www.hethport.uni-wuerzburg.de/CTH/index.php
705,Listen hurritischer Gottheiten in Festritualen,2026-07-20,http://web.archive.org/web/20250514171511/https://www.hethport.uni-wuerzburg.de/CTH/index.php
706,Fragmente von Festritualen für Teššup und Ḫebat,2026-07-20,http://web.archive.org/web/20250514171511/https://www.hethport.uni-wuerzburg.de/CTH/index.php
709,šatlašša-Fest,2026-07-20,http://web.archive.org/web/20250514171511/https://www.hethport.uni-wuerzburg.de/CTH/index.php
711,Herbstfest für Ištar von Šamuḫa,2026-07-20,http://web.archive.org/web/20250514171511/https://www.hethport.uni-wuerzburg.de/CTH/index.php
712,Fest für Ištar von Šamuḫa,2026-07-20,http://web.archive.org/web/20250514171511/https://www.hethport.uni-wuerzburg.de/CTH/index.php
713,Ritual für Ištar von Tamininga,2026-07-20,http://web.archive.org/web/20250514171511/https://www.hethport.uni-wuerzburg.de/CTH/index.php
714,Fest für Ištar von Ninive,2026-07-20,http://web.archive.org/web/20250514171511/https://www.hethport.uni-wuerzburg.de/CTH/index.php
715,Winterfest für Ištar von Ninive,2026-07-20,http://web.archive.org/web/20250514171511/https://www.hethport.uni-wuerzburg.de/CTH/index.php
716,Ritual für Ištar von Ninive,2026-07-20,http://web.archive.org/web/20250514171511/https://www.hethport.uni-wuerzburg.de/CTH/index.php
717,Ritual und Hymne an Ištar,2026-07-20,http://web.archive.org/web/20250514171511/https://www.hethport.uni-wuerzburg.de/CTH/index.php
718,Ritual für Ištar-Pirinkir mit Rezitationen auf babylonisch (pabilili),2026-07-20,http://web.archive.org/web/20250514171511/https://www.hethport.uni-wuerzburg.de/CTH/index.php
719,"Fest für Ištar, Ḫu(r)dumana, Aruna",2026-07-20,http://web.archive.org/web/20250514171511/https://www.hethport.uni-wuerzburg.de/CTH/index.php
720,Fragmente der Festrituale für Ištar,2026-07-20,http://web.archive.org/web/20250514171511/https://www.hethport.uni-wuerzburg.de/CTH/index.php
721,Fest für Ištar des Berges Amana,2026-07-20,http://web.archive.org/web/20250514171511/https://www.hethport.uni-wuerzburg.de/CTH/index.php
722,Rituale für das Große Meer und das tarmana-Meer,2026-07-20,http://web.archive.org/web/20250514171511/https://www.hethport.uni-wuerzburg.de/CTH/index.php
725,Hattisch-hethitisches Ritual zur Einweihung eines Tempels,2026-07-20,http://web.archive.org/web/20250514171511/https://www.hethport.uni-wuerzburg.de/CTH/index.php
726,Hattisch-hethitisches Grundsteinlegungsritual,2026-07-20,http://web.archive.org/web/20250514171511/https://www.hethport.uni-wuerzburg.de/CTH/index.php
727,"Hattisch-hethitischer Mythos vom Mond, der vom Himmel fiel",2026-07-20,http://web.archive.org/web/20250514171511/https://www.hethport.uni-wuerzburg.de/CTH/index.php
728,Hattisch-hethitische Beschwörung in Bezug auf Priester,2026-07-20,http://web.archive.org/web/20250514171511/https://www.hethport.uni-wuerzburg.de/CTH/index.php
729,Hattisch-hethitische Schafbeschwörung,2026-07-20,http://web.archive.org/web/20250514171511/https://www.hethport.uni-wuerzburg.de/CTH/index.php
730,Hattische Mond- und Windbeschwörungen,2026-07-20,http://web.archive.org/web/20250514171511/https://www.hethport.uni-wuerzburg.de/CTH/index.php
731,Hattisch-hethitische Fragmente,2026-07-20,http://web.archive.org/web/20250514171511/https://www.hethport.uni-wuerzburg.de/CTH/index.php
732,Ritual des Ḫutuši auf dem Feldzug,2026-07-20,http://web.archive.org/web/20250514171511/https://www.hethport.uni-wuerzburg.de/CTH/index.php
733,"Invokationen hattischer Gottheiten: Göttersprache, Menschensprache",2026-07-20,http://web.archive.org/web/20250514171511/https://www.hethport.uni-wuerzburg.de/CTH/index.php
734,Fragmente hattischer Rituale oder Beschwörungen,2026-07-20,http://web.archive.org/web/20250514171511/https://www.hethport.uni-wuerzburg.de/CTH/index.php
735,Hattische Gebete oder Beschwörungen,2026-07-20,http://web.archive.org/web/20250514171511/https://www.hethport.uni-wuerzburg.de/CTH/index.php
736,Lied der zintuḫi-Frauen für die Sonnengöttin,2026-07-20,http://web.archive.org/web/20250514171511/https://www.hethport.uni-wuerzburg.de/CTH/index.php
737,Feste von Nerik (mit hattischen Sprüchen),2026-07-20,http://web.archive.org/web/20250514171511/https://www.hethport.uni-wuerzburg.de/CTH/index.php
738,Feste für die Göttin Tetešḫapi,2026-07-20,http://web.archive.org/web/20250514171511/https://www.hethport.uni-wuerzburg.de/CTH/index.php
739,Feste der Ortschaft Tuḫumijara,2026-07-20,http://web.archive.org/web/20250514171511/https://www.hethport.uni-wuerzburg.de/CTH/index.php
740,Hattische Litaneien,2026-07-20,http://web.archive.org/web/20250514171511/https://www.hethport.uni-wuerzburg.de/CTH/index.php
741,Hattischer Gesang der Frauen von Tiššarulija,2026-07-20,http://web.archive.org/web/20250514171511/https://www.hethport.uni-wuerzburg.de/CTH/index.php
742,Hattische Gesänge (SÌR),2026-07-20,http://web.archive.org/web/20250514171511/https://www.hethport.uni-wuerzburg.de/CTH/index.php
743,Hattische Wechselgesänge,2026-07-20,http://web.archive.org/web/20250514171511/https://www.hethport.uni-wuerzburg.de/CTH/index.php
744,Festritualfragmente mit hattischen Sprüchen,2026-07-20,http://web.archive.org/web/20250514171511/https://www.hethport.uni-wuerzburg.de/CTH/index.php
745,Hattische Fragmente,2026-07-20,http://web.archive.org/web/20250514171511/https://www.hethport.uni-wuerzburg.de/CTH/index.php
746,Hattische Strophengesänge,2026-07-20,http://web.archive.org/web/20250514171511/https://www.hethport.uni-wuerzburg.de/CTH/index.php
750,Festrituale für den Gott Ziparwa,2026-07-20,http://web.archive.org/web/20250514171511/https://www.hethport.uni-wuerzburg.de/CTH/index.php
751,"Festritual für das palaische Pantheon – Brot-, Fleisch-, Getränkeopfer auf Palaisch",2026-07-20,http://web.archive.org/web/20250514171511/https://www.hethport.uni-wuerzburg.de/CTH/index.php
752,Festritual für das palaische Pantheon – Ritual für die verschwundene und wiederkehrende Gottheit,2026-07-20,http://web.archive.org/web/20250514171511/https://www.hethport.uni-wuerzburg.de/CTH/index.php
753,Festritual mit palaischer Rezitation,2026-07-20,http://web.archive.org/web/20250514171511/https://www.hethport.uni-wuerzburg.de/CTH/index.php
754,Palaische Fragmente,2026-07-20,http://web.archive.org/web/20250514171511/https://www.hethport.uni-wuerzburg.de/CTH/index.php
757,Ritual des Zarpija aus Kizzuwatna gegen Seuche,2026-07-20,http://web.archive.org/web/20250514171511/https://www.hethport.uni-wuerzburg.de/CTH/index.php
758,Ritual des Purijanni gegen Verunreinigung des Hauses,2026-07-20,http://web.archive.org/web/20250514171511/https://www.hethport.uni-wuerzburg.de/CTH/index.php
759,dupaduparša-Ritual,2026-07-20,http://web.archive.org/web/20250514171511/https://www.hethport.uni-wuerzburg.de/CTH/index.php
760,Großes Ritual (šalli aniur) und dupaduparša-Ritual,2026-07-20,http://web.archive.org/web/20250514171511/https://www.hethport.uni-wuerzburg.de/CTH/index.php
761,Großes Ritual (šalli aniur),2026-07-20,http://web.archive.org/web/20250514171511/https://www.hethport.uni-wuerzburg.de/CTH/index.php
762,Großes Ritual (šalli aniur) und ḫalliyattanza-Ritual,2026-07-20,http://web.archive.org/web/20250514171511/https://www.hethport.uni-wuerzburg.de/CTH/index.php
763,Ritualfragmente der Kuwattalla-Tradition,2026-07-20,http://web.archive.org/web/20250514171511/https://www.hethport.uni-wuerzburg.de/CTH/index.php
764,Hethitisch-luwische Beschwörungen mit Erwähnung der göttlichen Triade von Tauriša,2026-07-20,http://web.archive.org/web/20250514171511/https://www.hethport.uni-wuerzburg.de/CTH/index.php
765,Hethitisch-luwische Beschwörungen gegen Krankheit,2026-07-20,http://web.archive.org/web/20250514171511/https://www.hethport.uni-wuerzburg.de/CTH/index.php
766,Hethitisch-luwische Beschwörungen für Eltern und ihr Kind,2026-07-20,http://web.archive.org/web/20250514171511/https://www.hethport.uni-wuerzburg.de/CTH/index.php
767,Hethitisch-luwische Ritualfragmente,2026-07-20,http://web.archive.org/web/20250514171511/https://www.hethport.uni-wuerzburg.de/CTH/index.php
768,Luwische mythologische Fragmente,2026-07-20,http://web.archive.org/web/20250514171511/https://www.hethport.uni-wuerzburg.de/CTH/index.php
769,Luwisches Brieffragment,2026-07-20,http://web.archive.org/web/20250514171511/https://www.hethport.uni-wuerzburg.de/CTH/index.php
770,Luwische Ritualfragmente,2026-07-20,http://web.archive.org/web/20250514171511/https://www.hethport.uni-wuerzburg.de/CTH/index.php
771,Tafel von Lallupija (mit Luwismen),2026-07-20,http://web.archive.org/web/20250514171511/https://www.hethport.uni-wuerzburg.de/CTH/index.php
772,Festrituale von Ištanuwa,2026-07-20,http://web.archive.org/web/20250514171511/https://www.hethport.uni-wuerzburg.de/CTH/index.php
773,Gesang von Ištanuwa,2026-07-20,http://web.archive.org/web/20250514171511/https://www.hethport.uni-wuerzburg.de/CTH/index.php
774,Hurritische Omina,2026-07-20,http://web.archive.org/web/20250514171511/https://www.hethport.uni-wuerzburg.de/CTH/index.php
775,Historisch-mythologische hurritische Texte,2026-07-20,http://web.archive.org/web/20250514171511/https://www.hethport.uni-wuerzburg.de/CTH/index.php
776,Mythologische Erzählungen,2026-07-20,http://web.archive.org/web/20250514171511/https://www.hethport.uni-wuerzburg.de/CTH/index.php
777,"Mundwaschungsritual (itkaḫi-, itkalzi-)",2026-07-20,http://web.archive.org/web/20250514171511/https://www.hethport.uni-wuerzburg.de/CTH/index.php
778,Fragmente des Mundwaschungsrituals mit Nennung Tašmišarris und Taduḫepas,2026-07-20,http://web.archive.org/web/20250514171511/https://www.hethport.uni-wuerzburg.de/CTH/index.php
779,Ritual der Ummaya,2026-07-20,http://web.archive.org/web/20250514171511/https://www.hethport.uni-wuerzburg.de/CTH/index.php
780,Ritual der Allaituraḫḫi,2026-07-20,http://web.archive.org/web/20250514171511/https://www.hethport.uni-wuerzburg.de/CTH/index.php
781,Fragmente des Rituals der Allaituraḫḫi,2026-07-20,http://web.archive.org/web/20250514171511/https://www.hethport.uni-wuerzburg.de/CTH/index.php
782,Ritual der Göttin Išḫara gegen Meineid,2026-07-20,http://web.archive.org/web/20250514171511/https://www.hethport.uni-wuerzburg.de/CTH/index.php
783,Medizinische Rituale des Zellija,2026-07-20,http://web.archive.org/web/20250514171511/https://www.hethport.uni-wuerzburg.de/CTH/index.php
784,Hurritisches Ritual für das Königspaar,2026-07-20,http://web.archive.org/web/20250514171511/https://www.hethport.uni-wuerzburg.de/CTH/index.php
785,Ritual für den Berg Ḫazzi,2026-07-20,http://web.archive.org/web/20250514171511/https://www.hethport.uni-wuerzburg.de/CTH/index.php
786,Hurritische Götterlisten,2026-07-20,http://web.archive.org/web/20250514171511/https://www.hethport.uni-wuerzburg.de/CTH/index.php
787,Hurritische Opferlisten,2026-07-20,http://web.archive.org/web/20250514171511/https://www.hethport.uni-wuerzburg.de/CTH/index.php
788,Ritual der Šalašu,2026-07-20,http://web.archive.org/web/20250514171511/https://www.hethport.uni-wuerzburg.de/CTH/index.php
789,Lied der Freilassung,2026-07-20,http://web.archive.org/web/20250514171511/https://www.hethport.uni-wuerzburg.de/CTH/index.php
790,Fragmente hethitisch-hurritischer Rituale und Beschwörungen,2026-07-20,http://web.archive.org/web/20250514171511/https://www.hethport.uni-wuerzburg.de/CTH/index.php
791,Hurritische Fragmente,2026-07-20,http://web.archive.org/web/20250514171511/https://www.hethport.uni-wuerzburg.de/CTH/index.php
792,Akkadische Hymne an Šamaš,2026-07-20,http://web.archive.org/web/20250514171511/https://www.hethport.uni-wuerzburg.de/CTH/index.php
793,Beschwörung des Šamaš,2026-07-20,http://web.archive.org/web/20250514171511/https://www.hethport.uni-wuerzburg.de/CTH/index.php
794,Sumerisch-akkadische Hymne und Gebet,2026-07-20,http://web.archive.org/web/20250514171511/https://www.hethport.uni-wuerzburg.de/CTH/index.php
795,Fragmente akkadischer Hymnen,2026-07-20,http://web.archive.org/web/20250514171511/https://www.hethport.uni-wuerzburg.de/CTH/index.php
796,Akkadische mythologische Erzählung?,2026-07-20,http://web.archive.org/web/20250514171511/https://www.hethport.uni-wuerzburg.de/CTH/index.php
800,Sumerische Beschwörungen,2026-07-20,http://web.archive.org/web/20250514171511/https://www.hethport.uni-wuerzburg.de/CTH/index.php
801,Sumerisch-akkadische Beschwörungen,2026-07-20,http://web.archive.org/web/20250514171511/https://www.hethport.uni-wuerzburg.de/CTH/index.php
802,Ritual gegen Impotenz,2026-07-20,http://web.archive.org/web/20250514171511/https://www.hethport.uni-wuerzburg.de/CTH/index.php
803,Akkadische Beschwörung šumma amīlu kašip,2026-07-20,http://web.archive.org/web/20250514171511/https://www.hethport.uni-wuerzburg.de/CTH/index.php
804,Akkadische Beschwörung ana pišerti kišpī,2026-07-20,http://web.archive.org/web/20250514171511/https://www.hethport.uni-wuerzburg.de/CTH/index.php
805,Sumerisch-akkadische Beschwörung UDUG.ḪUL.A.MEŠ:,2026-07-20,http://web.archive.org/web/20250514171511/https://www.hethport.uni-wuerzburg.de/CTH/index.php
806,Beschwörungen mit Nennung Asalluḫis,2026-07-20,http://web.archive.org/web/20250514171511/https://www.hethport.uni-wuerzburg.de/CTH/index.php
807,Akkadische Prismenfragmente,2026-07-20,http://web.archive.org/web/20250514171511/https://www.hethport.uni-wuerzburg.de/CTH/index.php
808,Akkadischer medizinischer Text mit hethitischen und luwischen Glossen,2026-07-20,http://web.archive.org/web/20250514171511/https://www.hethport.uni-wuerzburg.de/CTH/index.php
809,Akkadische Rezepturen gegen Augenkrankheiten,2026-07-20,http://web.archive.org/web/20250514171511/https://www.hethport.uni-wuerzburg.de/CTH/index.php
810,Akkadische Beschwörung „Der Mondgott und die Kuh“,2026-07-20,http://web.archive.org/web/20250514171511/https://www.hethport.uni-wuerzburg.de/CTH/index.php
811,Akkadische Rezepturen gegen Fieber,2026-07-20,http://web.archive.org/web/20250514171511/https://www.hethport.uni-wuerzburg.de/CTH/index.php
812,Akkadische Beschwörungen,2026-07-20,http://web.archive.org/web/20250514171511/https://www.hethport.uni-wuerzburg.de/CTH/index.php
813,Akkadische Fragmente,2026-07-20,http://web.archive.org/web/20250514171511/https://www.hethport.uni-wuerzburg.de/CTH/index.php
814,Akkadische Weisheitstexte,2026-07-20,http://web.archive.org/web/20250514171511/https://www.hethport.uni-wuerzburg.de/CTH/index.php
815,Akkadische Samenliste,2026-07-20,http://web.archive.org/web/20250514171511/https://www.hethport.uni-wuerzburg.de/CTH/index.php
816,Akkadische Aufzählung von Soldaten,2026-07-20,http://web.archive.org/web/20250514171511/https://www.hethport.uni-wuerzburg.de/CTH/index.php
817,Akkadische Eponymenliste (līmu),2026-07-20,http://web.archive.org/web/20250514171511/https://www.hethport.uni-wuerzburg.de/CTH/index.php
818,Akkadische Gefangenenliste,2026-07-20,http://web.archive.org/web/20250514171511/https://www.hethport.uni-wuerzburg.de/CTH/index.php
819,Akkadische Fragmente,2026-07-20,http://web.archive.org/web/20250514171511/https://www.hethport.uni-wuerzburg.de/CTH/index.php
820,Segen für Labarna-König,2026-07-20,http://web.archive.org/web/20250514171511/https://www.hethport.uni-wuerzburg.de/CTH/index.php
821,Königtum und göttliches Recht,2026-07-20,http://web.archive.org/web/20250514171511/https://www.hethport.uni-wuerzburg.de/CTH/index.php
822,Die Erzählung von den Kaufleuten,2026-07-20,http://web.archive.org/web/20250514171511/https://www.hethport.uni-wuerzburg.de/CTH/index.php
823,Feuerordal,2026-07-20,http://web.archive.org/web/20250514171511/https://www.hethport.uni-wuerzburg.de/CTH/index.php
824,Itinerarfragmente,2026-07-20,http://web.archive.org/web/20250514171511/https://www.hethport.uni-wuerzburg.de/CTH/index.php
825,Kolophone,2026-07-20,http://web.archive.org/web/20250514171511/https://www.hethport.uni-wuerzburg.de/CTH/index.php
826,Etikett: Anrufung? in fehlerhaftem Hethitisch,2026-07-20,http://web.archive.org/web/20250514171511/https://www.hethport.uni-wuerzburg.de/CTH/index.php
827,Orakel in archaischer Sprache,2026-07-20,http://web.archive.org/web/20250514171511/https://www.hethport.uni-wuerzburg.de/CTH/index.php
828,Orakelanfragen,2026-07-20,http://web.archive.org/web/20250514171511/https://www.hethport.uni-wuerzburg.de/CTH/index.php
831,Fragmente in unbekannter oder unbestimmbarer Sprache,2026-07-20,http://web.archive.org/web/20250514171511/https://www.hethport.uni-wuerzburg.de/CTH/index.php
832,Hethitische Fragmente verschiedenen Inhaltes,2026-07-20,http://web.archive.org/web/20250514171511/https://www.hethport.uni-wuerzburg.de/CTH/index.php
834,"Opferzurüstungen, Schülertafel?",2026-07-20,http://web.archive.org/web/20250514171511/https://www.hethport.uni-wuerzburg.de/CTH/index.php
